training/actor/actor_loss,training/actor/adv,training/actor/bc_log_prob,training/actor/mse,training/actor/std,training/grad/max,training/grad/min,training/grad/norm,training/value/v_max,training/value/v_mean,training/value/v_min,training/value/value_loss,validation/actor/actor_loss,validation/actor/adv,validation/actor/bc_log_prob,validation/actor/mse,validation/actor/std,validation/value/v_max,validation/value/v_mean,validation/value/v_min,validation/value/value_loss,time/epoch_time,time/total_time,step
200.77612,0.12282819,-7.9404593,0.14723781,1.0,2.0539696,-2.1461923,85.70199,0.5514927,-13.92343,-25.33846,0.2759437,217.06323,0.12808733,-7.9244523,0.14323607,1.0,0.7049525,-13.599699,-25.352337,0.27952522,0.04748726539611817,237.43634271621704,5000
325.48407,0.17642397,-7.8572545,0.1264366,1.0,2.4827292,-1.9807955,84.66666,0.98645914,-17.492716,-43.90695,0.36194545,307.87903,0.18438803,-7.8447638,0.12331401,1.0,1.1014962,-17.675678,-44.382515,0.36207658,0.0016890907287597657,245.88180208206177,10000
343.20355,0.18134421,-7.8045845,0.11326912,1.0,2.983954,-3.2792463,93.17459,0.7077562,-19.055191,-57.26528,0.295348,313.89435,0.08275264,-7.820589,0.11727032,1.0,0.60364085,-18.865189,-57.459854,0.30745977,0.0016768857002258301,254.26623582839966,15000
320.8791,0.12975813,-7.7516527,0.10003623,1.0,2.2781434,-2.1457746,76.83358,0.60022557,-20.421984,-64.472,0.35748565,323.24097,0.104205236,-7.8228397,0.11783278,1.0,0.5656867,-20.051262,-64.54103,0.37220052,0.0016922895908355713,262.72768902778625,20000
318.6518,0.14340843,-7.786496,0.10874707,1.0,4.4638853,-2.8958147,98.43189,0.47039178,-19.689442,-71.16391,0.49787185,334.5041,0.1460295,-7.7911234,0.10990392,1.0,0.52065873,-19.660057,-68.399124,0.46584713,0.0016938390731811523,271.1968901157379,25000
339.59613,0.15215136,-7.801857,0.11258724,1.0,4.6877875,-6.6038766,120.54522,0.44313607,-20.14959,-68.23717,0.4062444,353.2553,0.19506177,-7.8080635,0.114138916,1.0,0.5593731,-20.049644,-70.762665,0.3096543,0.001688826370239258,279.64102721214294,30000
336.11017,0.15188712,-7.752178,0.10016753,1.0,2.9905863,-2.2063372,85.30493,0.40972024,-20.805986,-70.30755,0.29024404,343.15546,0.16788727,-7.7741413,0.10565829,1.0,0.4131475,-19.874008,-71.77263,0.37481508,0.0016906351089477538,288.09420800209045,35000
339.2726,0.16241643,-7.752425,0.10022934,1.0,2.303542,-3.3234391,79.62634,1.1160114,-20.019375,-71.12795,0.34716022,330.27875,0.1417636,-7.792653,0.110286325,1.0,0.56087536,-21.23966,-70.09343,0.38240975,0.0016817749500274658,296.50308752059937,40000
359.31088,0.22160175,-7.7502728,0.099691056,1.0,4.7891693,-6.3886175,128.67316,0.47375768,-20.870708,-69.95969,0.4203344,323.4969,0.15804467,-7.7658067,0.10357467,1.0,0.5719552,-20.72088,-73.28824,0.3227106,0.0017371444702148438,305.1888153553009,45000
350.08435,0.20248371,-7.736395,0.09622164,1.0,3.0792484,-2.2500734,85.770645,0.60401237,-21.148365,-70.587326,0.37482506,337.41873,0.15942103,-7.759742,0.10205847,1.0,0.47343564,-20.513638,-72.01747,0.29627335,0.0016772411346435547,313.57502698898315,50000
341.26224,0.18534032,-7.7272134,0.0939264,1.0,5.0491495,-8.654844,99.36278,0.3467685,-21.21974,-70.91742,0.30286768,345.69302,0.15669066,-7.7904606,0.10973802,1.0,0.500757,-20.400537,-73.73363,0.30552015,0.0016791519641876221,321.9707930088043,55000
336.3045,0.13599318,-7.7407093,0.09730029,1.0,3.3296995,-4.2516522,77.07184,0.5605025,-20.099604,-72.00282,0.2720676,348.95715,0.13110042,-7.7889647,0.10936409,1.0,0.55713785,-20.860878,-75.66252,0.33400866,0.0016799071311950683,330.370334148407,60000
332.89868,0.17769401,-7.739627,0.09702961,1.0,2.6625168,-3.027218,84.2776,0.8345858,-20.182236,-70.94972,0.41191602,342.002,0.12240748,-7.7742176,0.10567732,1.0,0.44704124,-21.338799,-70.175705,0.48967803,0.0016790013313293457,338.7653458118439,65000
335.86203,0.119171366,-7.7309914,0.09487084,1.0,7.355918,-2.65237,83.14954,0.5878606,-21.994745,-72.43668,0.32791263,340.35895,0.15639172,-7.7929974,0.11037241,1.0,0.6803857,-20.784777,-73.161865,0.3819938,0.0016949347972869872,347.2400255203247,70000
320.29813,0.17301235,-7.725909,0.09360031,1.0,7.7958484,-8.164622,109.367905,0.64736325,-21.546637,-73.4124,0.4197566,336.41483,0.13365062,-7.759816,0.10207699,1.0,0.43959132,-21.18695,-72.7655,0.37598127,0.0016789041996002198,355.6345520019531,75000
335.38354,0.12173439,-7.72538,0.09346796,1.0,2.7784986,-3.3356397,68.92041,0.43542594,-21.855003,-74.16862,0.27257365,334.39572,0.1796605,-7.729977,0.09461722,1.0,0.48864087,-20.487362,-75.808334,0.2804157,0.0016816712856292724,364.04291343688965,80000
324.99316,0.12322843,-7.7456613,0.098538294,1.0,3.8248014,-3.1957169,93.04676,0.5953359,-20.560417,-77.82619,0.37851763,357.6955,0.11141449,-7.730627,0.09477982,1.0,0.6367326,-20.964996,-71.26914,0.34232098,0.001684456777572632,372.4652020931244,85000
329.58835,0.16949275,-7.72013,0.09215543,1.0,5.3691216,-3.4595664,83.52157,0.47885382,-22.40627,-74.71068,0.37314683,345.3454,0.19083443,-7.7313786,0.0949676,1.0,0.5591764,-21.788944,-71.43765,0.36911702,0.0016734094619750976,380.8322558403015,90000
325.25262,0.1546581,-7.7498283,0.099580005,1.0,6.9757595,-4.681366,82.93347,0.33813614,-22.010096,-74.557365,0.269453,353.05402,0.18875434,-7.747487,0.09899469,1.0,0.53398347,-21.013342,-75.03308,0.4406734,0.001676708507537842,389.21580362319946,95000
345.16992,0.17242743,-7.7334595,0.09548782,1.0,2.5154371,-3.5163927,78.21664,0.6685082,-21.201363,-74.54924,0.37158817,328.01154,0.13251026,-7.7731133,0.10540131,1.0,0.74822974,-21.065071,-77.056015,0.31067067,0.0016907392978668212,397.66950607299805,100000
339.63385,0.12383138,-7.7328577,0.095337346,1.0,15.35554,-9.871434,112.86053,0.61450475,-21.275974,-75.58736,0.3386153,343.13293,0.15752423,-7.773074,0.10539155,1.0,0.33100158,-20.903801,-75.07176,0.3897537,0.039051512002944946,592.9270718097687,105000
345.37924,0.18695232,-7.7004485,0.08723512,1.0,4.0031247,-4.0984497,77.250435,0.44728017,-22.437885,-78.023834,0.3156761,354.8962,0.17524879,-7.759102,0.10189842,1.0,0.4038406,-21.91777,-75.28731,0.33674854,0.0017071093559265136,601.4626245498657,110000
354.8485,0.20969896,-7.6923394,0.085207805,1.0,3.689652,-5.306535,90.03609,0.40926117,-20.245144,-74.20477,0.33516192,347.30417,0.22032768,-7.732833,0.09533128,1.0,0.4541534,-21.276478,-71.798386,0.41747543,0.001702943515777588,609.9773473739624,115000
324.11453,0.071737595,-7.71447,0.09074045,1.0,2.956059,-3.620428,77.33949,0.26567748,-21.635971,-72.571106,0.33872032,324.48004,0.14215335,-7.7527122,0.10030101,1.0,0.4806017,-20.85402,-76.892746,0.29784176,0.0017077046871185303,618.5158770084381,120000
346.9897,0.1876073,-7.717743,0.0915588,1.0,3.5327716,-2.525312,71.88603,0.49033794,-20.634792,-77.23861,0.31770885,354.5874,0.14650555,-7.7461634,0.09866373,1.0,0.5593703,-21.262468,-74.33394,0.36753583,0.0017596033096313477,627.313898563385,125000
342.21857,0.18907532,-7.7073107,0.0889507,1.0,6.8343563,-8.440281,94.06586,0.40640903,-21.01823,-72.413895,0.36208916,330.92,0.08076359,-7.7282314,0.09418085,1.0,0.477849,-21.819992,-80.13156,0.3854039,0.0017008630275726318,635.8182189464569,130000
347.1286,0.15470263,-7.729227,0.09442978,1.0,3.1458507,-2.6725564,86.1412,0.42087704,-22.56393,-74.223236,0.36045825,333.75198,0.17821455,-7.741233,0.09743132,1.0,0.52306664,-22.899502,-72.37172,0.38481677,0.001694775152206421,644.2921016216278,135000
350.79163,0.14581418,-7.7137203,0.09055297,1.0,2.8075771,-5.607006,87.17468,0.6631284,-21.538132,-77.30261,0.4109551,338.98557,0.18007886,-7.7443724,0.09821614,1.0,1.0063454,-20.681257,-71.40524,0.34269184,0.0017090615749359131,652.8374152183533,140000
349.27292,0.21069327,-7.708789,0.08932024,1.0,3.8078713,-4.675732,87.3565,0.41564476,-22.698812,-74.66003,0.32659763,344.66995,0.13022664,-7.7349505,0.095860586,1.0,0.31506646,-21.687542,-80.02139,0.4052083,0.0016978105545043946,661.3264734745026,145000
344.71646,0.1587453,-7.715306,0.09094943,1.0,9.194434,-6.796466,103.147705,0.3834457,-21.76199,-78.520645,0.3319425,368.0979,0.24402033,-7.749737,0.09955713,1.0,0.54197425,-20.893526,-75.76341,0.3049065,0.0016978646755218506,669.8158028125763,150000
319.28018,0.13551094,-7.7203636,0.092213795,1.0,4.9550095,-4.411335,87.15863,0.50821483,-21.23002,-82.64664,0.31264398,364.86618,0.20983595,-7.7487335,0.099306375,1.0,0.46842986,-22.534407,-79.39189,0.36867267,0.0017047507762908936,678.3395636081696,155000
335.3297,0.1265136,-7.6981525,0.086661085,1.0,6.2679768,-2.9285989,75.36866,0.632177,-21.31388,-76.782104,0.31547505,328.07892,0.10834503,-7.7556305,0.10103054,1.0,0.51365876,-21.202297,-74.166534,0.3295929,0.0017004533290863038,686.8418362140656,160000
336.95996,0.13590935,-7.7508755,0.09984191,1.0,4.495892,-9.256982,94.92174,0.468694,-21.91605,-77.646774,0.38051718,326.77878,0.08062109,-7.75525,0.100935504,1.0,0.6097754,-22.02431,-76.223206,0.5005901,0.001693750762939453,695.3105955123901,165000
327.1756,0.12849215,-7.720026,0.09212941,1.0,5.2680683,-4.0047398,80.46987,0.49523115,-22.388958,-78.5784,0.3425712,355.7041,0.16233167,-7.7193155,0.09195192,1.0,0.47528413,-22.402576,-74.805695,0.43041813,0.0017018860816955567,703.8200325965881,170000
322.4523,0.059897337,-7.712373,0.09021616,1.0,3.0434358,-3.149853,71.76964,0.40887266,-22.100163,-78.48149,0.28079832,345.3097,0.18786854,-7.7605257,0.1022544,1.0,0.51262116,-20.888077,-75.487,0.29274172,0.001704024314880371,712.3401594161987,175000
347.1562,0.18669462,-7.695148,0.08591002,1.0,9.557042,-7.0612283,100.44423,0.39983654,-22.865574,-81.35196,0.2983571,347.6692,0.19898972,-7.741744,0.09755899,1.0,0.3873237,-23.011219,-79.70239,0.44687483,0.0016965713500976562,720.8230216503143,180000
354.62048,0.1620059,-7.6781845,0.08166917,1.0,4.985546,-5.6589556,94.0334,0.61257225,-22.183796,-71.7972,0.30241716,349.56897,0.15661073,-7.7743893,0.1057202,1.0,0.74461496,-21.570206,-74.992874,0.36118373,0.0017043250560760499,729.3446543216705,185000
349.89886,0.14768638,-7.6979704,0.08661559,1.0,12.656472,-5.7597957,103.11556,0.5366241,-20.795856,-77.80761,0.29112494,337.57892,0.14161053,-7.7445436,0.09825882,1.0,0.5174365,-22.037489,-77.41922,0.3577508,0.0017112868309020995,737.9010939598083,190000
347.7082,0.19139078,-7.6726456,0.08028445,1.0,2.9313183,-2.88598,84.43642,0.7017075,-21.89288,-80.44489,0.337121,341.27936,0.12430185,-7.742763,0.09781365,1.0,0.4916893,-22.452785,-72.79561,0.433408,0.0017007061958312988,746.4046301841736,195000
330.72943,0.14977382,-7.6954546,0.08598658,1.0,3.5504465,-3.6742337,82.50398,0.5309835,-22.007608,-73.45314,0.34145588,345.5257,0.13253634,-7.7387924,0.09682113,1.0,0.35266602,-21.947525,-78.547035,0.4914821,0.001706897211074829,754.9391219615936,200000
321.58655,0.12133515,-7.6858625,0.0835886,1.0,3.5262723,-4.994895,77.80279,0.5121715,-22.61575,-75.102036,0.27522695,335.23004,0.12632486,-7.7589836,0.10186887,1.0,0.35584003,-21.890324,-79.765976,0.35847414,0.034994560956954954,929.91193318367,205000
358.1281,0.22495478,-7.6774564,0.0814871,1.0,7.7118287,-8.571946,89.36313,0.7575715,-22.249332,-80.0632,0.28712028,345.5864,0.16423614,-7.7218933,0.092596404,1.0,0.35199526,-22.043621,-79.740005,0.35965508,0.0017225808143615723,938.5248427391052,210000
343.43948,0.20459259,-7.705138,0.08840759,1.0,3.2313082,-4.065293,81.74114,0.40047944,-21.946224,-74.813576,0.33375487,349.97894,0.19809806,-7.7487526,0.099311106,1.0,0.6302315,-22.35132,-80.4903,0.38700402,0.0017316591262817383,947.1831433773041,215000
349.32715,0.19182974,-7.6860495,0.08363539,1.0,5.7976923,-8.245281,94.68906,0.59444714,-21.7789,-76.51991,0.2949046,341.266,0.17129867,-7.762208,0.10267499,1.0,0.5460304,-23.14753,-75.84708,0.3085633,0.001729285192489624,955.8295745849609,220000
337.7247,0.1922625,-7.687689,0.08404515,1.0,10.335456,-5.8941236,92.30739,1.4402037,-21.602606,-80.358795,0.371443,355.8376,0.20377839,-7.733276,0.09544199,1.0,0.31084782,-21.675976,-75.458755,0.3632604,0.0017182546615600587,964.4208526611328,225000
318.97534,0.11286829,-7.689296,0.084446974,1.0,5.0203753,-3.4119654,75.563385,0.59373885,-21.701561,-84.24408,0.27078286,351.98566,0.114747,-7.781619,0.107527606,1.0,0.38176143,-22.039482,-78.03732,0.3695802,0.0017182884693145752,973.012300491333,230000
348.68497,0.12564524,-7.6908417,0.084833466,1.0,4.9519453,-3.2168074,79.36207,0.5832413,-22.407032,-79.49852,0.30239645,339.56927,0.12046876,-7.7467217,0.09880349,1.0,0.41775978,-23.111067,-84.85894,0.40246403,0.0017193970203399657,981.6092910766602,235000
354.7118,0.17701206,-7.692505,0.085249215,1.0,6.7470856,-12.046532,107.53416,0.44846117,-22.608807,-79.228745,0.36278912,334.9079,0.1441011,-7.7276506,0.094035625,1.0,0.44898936,-22.21317,-75.218216,0.3193575,0.0017161026954650878,990.1898095607758,240000
345.7444,0.20993441,-7.673934,0.08060637,1.0,7.3163366,-13.425503,98.64138,0.6020863,-22.237095,-72.15408,0.29118758,355.49374,0.16884671,-7.7526474,0.10028486,1.0,0.33818835,-22.469852,-81.30575,0.34837192,0.0017487609386444092,998.9336194992065,245000
329.62567,0.12118912,-7.678261,0.081688225,1.0,16.793243,-11.101652,110.65372,0.62176025,-23.594784,-78.03994,0.37269655,340.25714,0.13549244,-7.728741,0.09430829,1.0,0.423313,-22.380798,-81.203156,0.32818204,0.0017144527912139893,1007.5058887004852,250000
351.24133,0.20512962,-7.6707215,0.079803385,1.0,4.3273964,-5.1274214,83.0022,0.48622742,-22.845839,-83.26881,0.31239,332.87927,0.11772642,-7.738819,0.09682773,1.0,0.83797383,-22.598381,-73.6591,0.47492635,0.0017221365928649902,1016.1165778636932,255000
350.56085,0.1600455,-7.7002373,0.087182276,1.0,6.0238223,-5.2104645,104.506714,0.41823554,-22.60917,-83.53134,0.30402493,359.48157,0.19123684,-7.728178,0.09416747,1.0,0.43880928,-22.051262,-84.52991,0.4654535,0.0017139835834503174,1024.686500787735,260000
347.5308,0.14011523,-7.6681223,0.07915354,1.0,10.483816,-17.206232,120.75067,0.7231351,-22.905489,-77.088455,0.36345702,324.09485,0.15107752,-7.7539606,0.10061318,1.0,0.600847,-21.474361,-81.94116,0.52192354,0.0017243975639343262,1033.308494567871,265000
349.45715,0.22431071,-7.669812,0.07957609,1.0,6.7534256,-2.439311,80.54946,0.56020224,-22.232897,-76.546814,0.3024029,342.99567,0.19026321,-7.744423,0.09822875,1.0,0.4379168,-20.699642,-78.68611,0.34306055,0.001722533941268921,1041.921169757843,270000
330.04178,0.12057224,-7.7039795,0.08811788,1.0,3.758017,-4.4809055,78.93405,0.32646197,-22.124226,-82.97012,0.33475667,340.4385,0.15029995,-7.7448635,0.09833878,1.0,0.56957394,-22.25356,-83.7171,0.33920598,0.00171257905960083,1050.4840700626373,275000
334.87875,0.14870843,-7.6879063,0.08409949,1.0,3.1283817,-3.9880261,75.898056,0.47551662,-21.593508,-85.36287,0.26047117,336.3859,0.13929713,-7.7534347,0.10048167,1.0,0.3641578,-20.362963,-84.82127,0.3627498,0.0017164444923400879,1059.0662982463837,280000
339.55133,0.1772263,-7.6663795,0.07871787,1.0,6.468141,-4.5287805,83.75547,0.613012,-23.991568,-85.61723,0.33434868,342.4934,0.2072927,-7.731449,0.09498532,1.0,0.5053201,-22.921171,-80.764496,0.36449552,0.0017240299701690674,1067.6864533424377,285000
319.42963,0.13454401,-7.689949,0.08461016,1.0,5.656442,-3.6551914,85.76962,0.49974126,-22.131004,-83.205414,0.29014164,341.94226,0.18830156,-7.7199726,0.09211609,1.0,0.4057221,-21.565592,-79.69826,0.39650694,0.001716960859298706,1076.2712638378143,290000
341.3913,0.18770503,-7.6906004,0.08477297,1.0,5.415403,-2.692554,80.99949,0.4188466,-22.936142,-84.69728,0.29744273,368.77466,0.22251427,-7.741833,0.097581305,1.0,0.6742637,-21.457752,-82.62351,0.43120515,0.0017035011291503905,1084.788774728775,295000
337.07794,0.09667306,-7.6914372,0.08498224,1.0,8.87844,-10.561783,100.03931,0.9457358,-22.201096,-82.59286,0.3069358,347.7485,0.1914016,-7.730774,0.094816506,1.0,0.6156659,-22.73046,-74.54773,0.34220058,0.0017137961387634277,1093.357760667801,300000
339.97906,0.17908007,-7.6580906,0.07664552,1.0,5.1380477,-3.4611828,86.740105,0.39408582,-23.27734,-83.09222,0.36002138,337.67316,0.11800493,-7.769025,0.10437909,1.0,0.39874277,-22.695827,-75.38919,0.35438532,0.03415459904670715,1264.1307625770569,305000
338.75897,0.20927528,-7.659908,0.077099934,1.0,5.4310355,-4.378871,90.22986,0.49946943,-22.00064,-80.24282,0.28988,335.10223,0.12084283,-7.747076,0.09889203,1.0,0.38334912,-20.848232,-75.51007,0.3047548,0.0017272153854370118,1272.766844511032,310000
349.9591,0.19689578,-7.6987677,0.086814985,1.0,7.18254,-3.9337757,89.52714,0.61356676,-22.493793,-84.677956,0.27997565,341.6769,0.15669292,-7.6979756,0.08661683,1.0,0.7016196,-22.571991,-74.54462,0.323852,0.001734597635269165,1281.439837694168,315000
318.8989,0.14518686,-7.690728,0.08480503,1.0,4.2511477,-5.206461,75.074615,0.45369118,-22.33657,-86.74419,0.34415635,360.20807,0.215105,-7.707264,0.08893904,1.0,0.5574653,-21.84084,-75.38782,0.3684672,0.001717503023147583,1290.0273578166962,320000
341.27267,0.20839438,-7.673174,0.080416374,1.0,7.5457587,-6.01341,95.88457,0.5108228,-23.248672,-87.03117,0.37432605,346.80988,0.15912312,-7.7322283,0.0951801,1.0,0.5156992,-22.844265,-78.57559,0.41823483,0.0017253714084625245,1298.6542212963104,325000
349.0672,0.16495723,-7.673162,0.080413476,1.0,2.7902875,-2.5321932,73.8981,1.2676619,-22.606115,-88.04795,0.23169264,345.4842,0.1582034,-7.7393007,0.09694817,1.0,0.43145323,-22.152424,-83.509476,0.39006644,0.0017380458354949951,1307.3444559574127,330000
346.4239,0.21560416,-7.671214,0.07992648,1.0,6.1796856,-3.76672,82.72353,0.3406219,-22.615458,-82.15874,0.3492144,370.11713,0.19556817,-7.7303963,0.09472204,1.0,0.4384482,-21.614138,-78.454544,0.35212463,0.0017268136978149415,1315.9785294532776,335000
334.92706,0.19000523,-7.660342,0.077208474,1.0,8.236487,-7.384686,90.99487,0.4395559,-22.400301,-86.79492,0.21993184,341.62497,0.13411468,-7.700383,0.0872188,1.0,0.5272393,-21.34851,-82.36589,0.50461036,0.001732270097732544,1324.6398859024048,340000
340.59952,0.16860764,-7.687453,0.08398615,1.0,4.3726835,-6.492858,91.44155,0.99726176,-22.270683,-77.11113,0.33411396,343.5429,0.15459517,-7.7408004,0.0973231,1.0,0.44197947,-22.029875,-77.57475,0.46950042,0.0017303014755249023,1333.2913982868195,345000
332.7959,0.14785427,-7.6849256,0.083354354,1.0,8.380406,-4.45979,87.81305,0.36372542,-23.363132,-84.77757,0.31156665,323.2088,0.14204387,-7.7474933,0.09899627,1.0,0.5460998,-21.696205,-74.91167,0.49128217,0.0017370683193206787,1341.976746082306,350000
345.3617,0.21561936,-7.6658354,0.078581795,1.0,4.0548177,-3.425464,98.243,0.69242275,-21.4421,-75.449455,0.37479877,340.9451,0.16306216,-7.745923,0.09860372,1.0,0.79463804,-23.294804,-87.81081,0.3591164,0.0017321146488189698,1350.6373245716095,355000
349.1183,0.1744491,-7.6743894,0.080720305,1.0,3.1764169,-4.215578,83.529785,0.6133596,-22.008802,-79.65869,0.30984318,335.86578,0.16880599,-7.75086,0.09983796,1.0,0.51032734,-21.990662,-77.16109,0.4018333,0.0017480340480804442,1359.3774998188019,360000
325.9888,0.112898365,-7.6667643,0.07881397,1.0,8.72831,-3.7432482,96.17917,0.4839204,-21.71642,-83.03331,0.31132078,343.7777,0.16108571,-7.7453856,0.09846938,1.0,0.34170336,-22.813927,-78.7274,0.5267505,0.001730229139328003,1368.0286512374878,365000
352.0491,0.21433875,-7.66582,0.07857789,1.0,3.993535,-6.933462,90.88977,0.9297675,-22.194061,-83.38325,0.29319382,371.57428,0.25167277,-7.7259912,0.09362079,1.0,0.8205857,-23.04479,-78.841446,0.36793292,0.0017236114025115966,1376.6467151641846,370000
323.88623,0.1426259,-7.6771407,0.08140814,1.0,13.859019,-9.016532,121.168274,0.75869566,-21.796284,-87.30432,0.3782361,345.3053,0.121185854,-7.762257,0.102687195,1.0,0.5112298,-22.889053,-80.35347,0.33445767,0.0017296505928039551,1385.2949743270874,375000
339.60162,0.13389999,-7.659189,0.07692021,1.0,19.211111,-14.093129,117.78598,0.3194985,-21.274506,-83.79141,0.28195697,349.0846,0.20981826,-7.721636,0.092532,1.0,0.4578908,-23.176447,-77.677124,0.40950522,0.0017351755619049072,1393.9708573818207,380000
356.98306,0.22109698,-7.667327,0.07895461,1.0,9.48284,-3.0297601,88.63488,0.5617033,-22.119797,-90.61774,0.30368584,336.52863,0.11869025,-7.7359314,0.096105754,1.0,0.47402745,-21.89235,-78.69264,0.5005107,0.0017304624080657959,1402.623174905777,385000
341.04675,0.13812655,-7.676427,0.08122957,1.0,4.37979,-5.9035673,89.28126,0.57272106,-22.170755,-79.03706,0.41219807,344.44006,0.12923262,-7.7306843,0.094793975,1.0,0.37733054,-21.686823,-86.74446,0.3994229,0.0017485782146453856,1411.3660714626312,390000
333.586,0.13845263,-7.6709023,0.07984848,1.0,5.403556,-3.682671,77.05005,0.55934626,-22.749672,-89.88365,0.30510995,340.88144,0.15629114,-7.741375,0.09746669,1.0,0.7736491,-22.204456,-73.688515,0.41875184,0.001723117208480835,1419.9816629886627,395000
342.40045,0.16520649,-7.668579,0.079267785,1.0,7.7381454,-4.6890926,91.15514,0.41079313,-22.99059,-90.76466,0.3192038,341.39597,0.15062976,-7.767414,0.103976525,1.0,0.43123463,-21.689373,-78.527985,0.40227675,0.0017328625202178956,1428.6459822654724,400000
348.47943,0.16318256,-7.6720295,0.08013025,1.0,4.461395,-4.118532,88.365875,0.42589322,-21.887138,-80.371414,0.32669318,342.53247,0.147693,-7.7201443,0.09215897,1.0,0.4567944,-22.727676,-83.286865,0.39975482,0.03575426239967346,1607.4173004627228,405000
348.68842,0.17065236,-7.6835923,0.08302107,1.0,2.8990722,-5.2489724,91.039825,0.49301076,-23.200998,-91.618546,0.29943693,343.88916,0.14263317,-7.732354,0.09521151,1.0,0.41121456,-23.06101,-81.1844,0.447934,0.001730165433883667,1616.0681326389313,410000
353.34113,0.15619391,-7.656149,0.07616024,1.0,4.4578815,-3.8714302,93.66076,0.4999953,-23.294514,-88.44476,0.42908296,333.34988,0.12593222,-7.745447,0.098484695,1.0,0.32947186,-22.393349,-80.938545,0.40774336,0.0017445361137390137,1624.7908182144165,415000
344.43152,0.21456851,-7.637789,0.07157013,1.0,5.554901,-5.603054,90.28034,0.89506876,-22.503876,-82.65871,0.378748,351.36673,0.17489979,-7.7336564,0.09553702,1.0,0.65587246,-22.634983,-80.95146,0.41097465,0.0017875924587249755,1633.728786945343,420000
360.5199,0.15510857,-7.6757116,0.08105087,1.0,8.197208,-9.4537945,108.85831,0.44839954,-21.753538,-84.51277,0.31976718,347.13544,0.16227399,-7.7070427,0.08888358,1.0,0.45926732,-22.792496,-84.00406,0.4984526,0.0017253823280334473,1642.355705022812,425000
359.9812,0.16188812,-7.6703205,0.07970308,1.0,5.441116,-3.031297,94.591934,0.55416155,-22.088257,-89.563675,0.48394632,349.31677,0.18814573,-7.7559423,0.10110863,1.0,0.73285425,-22.478413,-83.83127,0.38861382,0.0017205132484436035,1650.9582760334015,430000
334.6408,0.12951186,-7.650857,0.07483735,1.0,4.9213,-4.806431,87.42035,0.4335171,-23.827707,-88.422516,0.35890782,339.9556,0.10304883,-7.7333193,0.0954528,1.0,0.537997,-22.860949,-83.664566,0.46631208,0.0017316139221191407,1659.6163544654846,435000
338.84875,0.1795457,-7.6500964,0.074647054,1.0,7.566225,-4.0480185,95.75496,0.34615934,-22.079226,-90.918976,0.345177,361.06,0.18151109,-7.750516,0.09975201,1.0,0.4763123,-22.378254,-80.08847,0.395556,0.0017254615306854248,1668.2436683177948,440000
347.79517,0.1357749,-7.655372,0.075966,1.0,6.7191496,-3.5537934,88.61817,0.5678336,-21.39619,-86.84902,0.3277425,336.88422,0.09891597,-7.746563,0.09876375,1.0,0.41398776,-22.619902,-86.858826,0.35010988,0.0017296484470367432,1676.891916513443,445000
342.01233,0.17897928,-7.6630816,0.077893354,1.0,5.899961,-4.567342,92.180725,0.66485614,-22.100845,-94.414185,0.29458362,354.89334,0.16186565,-7.7474384,0.09898252,1.0,0.43606818,-21.574272,-85.15542,0.47321495,0.0017395846843719482,1685.5898458957672,450000
339.0617,0.20608215,-7.6442313,0.07318073,1.0,4.640872,-6.5183735,91.8893,0.4194357,-22.23614,-84.8634,0.24312918,342.62695,0.116789125,-7.7638273,0.10307975,1.0,1.8100959,-22.062384,-77.517944,0.38142884,0.0017313849925994873,1694.2467777729034,455000
350.5689,0.17650634,-7.6505475,0.07475986,1.0,7.020648,-5.54356,87.22113,0.32861644,-22.607914,-74.88977,0.2697452,337.94733,0.13487709,-7.729494,0.094496414,1.0,0.5922337,-21.720322,-81.835655,0.43374175,0.0017205214023590088,1702.849394083023,460000
345.9018,0.14494312,-7.6721506,0.08016057,1.0,3.218413,-3.841181,80.780174,0.5103951,-22.682587,-88.32836,0.31156862,352.33478,0.17327416,-7.727876,0.09409195,1.0,0.561967,-22.368462,-79.38605,0.3712703,0.001733249044418335,1711.5156445503235,465000
325.92917,0.12317816,-7.6741743,0.08066653,1.0,5.302409,-3.9583073,83.078316,0.52419674,-23.292128,-91.2602,0.3382511,360.54633,0.20547315,-7.714707,0.090799704,1.0,0.5466062,-21.755737,-79.86485,0.4394232,0.0017341448783874513,1720.1863753795624,470000
348.56616,0.1546976,-7.6659226,0.07860364,1.0,3.6820445,-2.8801422,78.52164,0.57317674,-22.457125,-89.11843,0.33058208,349.14694,0.15313768,-7.7231264,0.09290461,1.0,0.50628823,-22.445395,-79.979645,0.4674739,0.00172996187210083,1728.8361902236938,475000
356.46472,0.2150597,-7.660245,0.077184126,1.0,6.981285,-7.321373,93.17539,0.49435428,-22.59061,-82.3591,0.28117242,341.32343,0.16614532,-7.712618,0.09027742,1.0,0.53016603,-22.908676,-80.70795,0.36992276,0.0017253929615020753,1737.4631605148315,480000
328.98386,0.14687867,-7.658615,0.0767768,1.0,6.6802664,-3.457064,82.473206,0.38057822,-22.555874,-86.80394,0.29939258,335.7384,0.14425212,-7.731121,0.09490314,1.0,0.612768,-22.721756,-77.84718,0.5124222,0.0017309864044189453,1746.1180987358093,485000
355.01862,0.20300075,-7.6410837,0.07239393,1.0,4.9076204,-3.2859926,81.15381,0.45418563,-23.08134,-84.91254,0.3284869,341.52936,0.19605808,-7.741843,0.09758374,1.0,0.6678245,-22.656143,-79.723404,0.50773805,0.00172267804145813,1754.7314944267273,490000
345.07263,0.16293228,-7.6721354,0.080156766,1.0,8.486389,-9.241085,99.554016,0.41321695,-23.498823,-85.6053,0.33129746,361.63562,0.23540881,-7.70119,0.08742058,1.0,0.35712564,-22.693504,-83.54817,0.4551669,0.00172953200340271,1763.3791596889496,495000
329.09106,0.14813325,-7.6481857,0.07416936,1.0,7.154334,-11.332925,97.718666,0.4331307,-23.78268,-78.92186,0.3067602,346.2096,0.16586079,-7.739561,0.097013235,1.0,0.38161325,-22.060099,-82.79025,0.3718276,0.0017272836208343505,1772.0155832767487,500000
354.85117,0.20513871,-7.655671,0.076040834,1.0,6.2992206,-8.926862,110.0609,0.47857615,-23.184626,-86.8176,0.33365852,357.21442,0.23741743,-7.710284,0.0896941,1.0,0.4881523,-22.227123,-79.16763,0.5447699,0.03218089904785156,1932.9200839996338,505000
319.9237,0.13035095,-7.655501,0.07599823,1.0,6.730047,-3.4344804,119.05713,0.4431426,-22.778435,-83.0244,0.3815223,344.25427,0.10893905,-7.719541,0.0920082,1.0,0.50520205,-22.974335,-78.28676,0.42884803,0.0017223560333251952,1941.531869649887,510000
331.7599,0.08070751,-7.654677,0.07579218,1.0,3.3989742,-3.613503,80.10782,0.4506275,-23.237497,-84.601204,0.29462385,343.60736,0.1774949,-7.717701,0.091548175,1.0,0.5305188,-22.571049,-78.4266,0.54091394,0.0017230718135833741,1950.1472339630127,515000
330.50674,0.13036418,-7.657442,0.07648335,1.0,4.36173,-3.9180164,85.992165,0.7018902,-23.10923,-84.44656,0.3628717,358.7625,0.16584404,-7.701418,0.08747747,1.0,0.55459183,-22.438318,-86.84906,0.4440788,0.0017324408531188965,1958.8094437122345,520000
349.9969,0.12208165,-7.6703997,0.0797229,1.0,4.4027886,-3.9035234,83.37171,0.40600833,-22.089424,-83.79077,0.3014682,357.2281,0.19347778,-7.734341,0.09570824,1.0,0.6315161,-22.08213,-74.19152,0.42056015,0.0017183252334594726,1967.4010756015778,525000
316.74973,0.1276939,-7.6505194,0.0747528,1.0,3.2671666,-3.0566335,79.7525,0.6731376,-23.067545,-87.55966,0.27930063,352.22943,0.13604097,-7.7515087,0.10000023,1.0,0.4103126,-21.407028,-76.36345,0.3862282,0.0017261234283447266,1976.0316982269287,530000
341.93304,0.1697758,-7.6774626,0.081488594,1.0,5.1625657,-6.0669723,103.139145,0.5376876,-23.065605,-86.24283,0.35389906,331.31787,0.19687182,-7.7012515,0.08743583,1.0,0.47969663,-23.353611,-82.919525,0.47148454,0.0017262409210205079,1984.6629085540771,535000
356.31052,0.15089384,-7.649914,0.07460137,1.0,6.9105725,-6.1096926,92.73288,0.6325462,-22.21319,-83.52646,0.40120274,352.3159,0.212904,-7.72142,0.092477955,1.0,0.5627098,-23.893993,-88.24661,0.3861748,0.0017293312072753906,1993.3095710277557,540000
351.15936,0.11462966,-7.6275873,0.06901981,1.0,6.027413,-7.209803,98.49551,0.5551327,-22.911728,-83.578156,0.3870793,342.1844,0.2137657,-7.734999,0.09587271,1.0,0.30432165,-22.714901,-82.372055,0.42902774,0.0017297266960144043,2001.9582102298737,545000
335.15436,0.16819796,-7.6464853,0.07374425,1.0,2.6319768,-3.6182177,80.20542,0.60936403,-23.353191,-82.562416,0.32890752,362.24823,0.2303736,-7.7241645,0.09316416,1.0,0.5124408,-21.724884,-83.99519,0.49154013,0.001736325168609619,2010.639841556549,550000
349.82596,0.24272227,-7.6356835,0.07104389,1.0,12.879668,-4.910147,102.55674,0.41801137,-22.898487,-81.55992,0.34338513,350.28156,0.21174386,-7.7313576,0.09496239,1.0,0.4460855,-22.232052,-87.669174,0.40761203,0.0017268681526184083,2019.2741887569427,555000
335.8993,0.16420093,-7.644711,0.07330066,1.0,4.901814,-8.024097,99.764114,0.9066821,-22.245295,-88.84329,0.3296625,357.715,0.23307762,-7.7351766,0.09591712,1.0,1.0657318,-21.758553,-85.92917,0.3938167,0.001726530170440674,2027.9068448543549,560000
330.2967,0.13528489,-7.680295,0.08219671,1.0,3.0918298,-4.6116514,78.931564,0.51480633,-22.596851,-84.04547,0.29967412,364.03696,0.21298204,-7.7324977,0.09524748,1.0,0.4933163,-22.651768,-82.72564,0.4206706,0.0017407152175903321,2036.6104261875153,565000
336.1787,0.11495952,-7.6590166,0.07687709,1.0,7.010001,-4.858957,93.4742,0.37295154,-23.398363,-84.7841,0.27727666,358.97003,0.21020114,-7.7280416,0.09413338,1.0,0.653827,-23.11029,-82.85834,0.50020117,0.0017459227085113525,2045.3400452136993,570000
357.3703,0.16360818,-7.6599193,0.07710281,1.0,9.462533,-5.24704,99.97293,0.270096,-23.726015,-92.689095,0.33528227,343.82938,0.19143099,-7.7208977,0.09234734,1.0,0.5269771,-22.193249,-87.78288,0.44124395,0.0017696128845214843,2054.18811583519,575000
333.50278,0.1688476,-7.6450534,0.07338628,1.0,5.1160254,-6.9976606,92.18328,0.8817415,-22.086409,-90.622444,0.33738062,357.5669,0.14425683,-7.723816,0.09307699,1.0,0.58051354,-22.871819,-86.61731,0.38048762,0.001725898551940918,2062.817613840103,580000
354.7575,0.18186408,-7.642474,0.07274159,1.0,6.9948406,-3.7911708,95.91446,0.5355691,-23.468899,-88.86737,0.29753596,350.91895,0.21191345,-7.7446885,0.09829519,1.0,0.64366835,-22.786156,-84.17972,0.38608575,0.0017334033489227296,2071.484635591507,585000
350.9538,0.15899503,-7.6327085,0.07030004,1.0,7.8274803,-6.167207,93.13388,0.45079485,-23.828457,-76.60373,0.26612616,360.08612,0.2327936,-7.7151318,0.090905905,1.0,0.874338,-22.066383,-87.285904,0.3785153,0.0017346893787384032,2080.1580879688263,590000
351.23138,0.1937423,-7.6335807,0.070518166,1.0,4.3762245,-6.353233,85.944954,0.3855433,-22.149616,-87.604034,0.2991785,352.91382,0.1723086,-7.720825,0.09232935,1.0,0.59972465,-23.325443,-78.84122,0.40479422,0.0017255704402923584,2088.7859456539154,595000
335.47552,0.14732605,-7.660595,0.07727175,1.0,7.3591924,-3.4806883,90.286674,0.48021603,-22.788338,-90.66284,0.34684324,349.69617,0.17963344,-7.739828,0.09707998,1.0,0.6142959,-23.133286,-85.77069,0.3971075,0.0017319518089294434,2097.4457099437714,600000
342.11826,0.20075944,-7.624593,0.068271145,1.0,7.1701508,-3.479072,80.55625,0.36175376,-22.335114,-91.58035,0.38911906,357.60068,0.21921884,-7.730503,0.09474872,1.0,0.6636818,-21.779213,-84.69878,0.51462805,0.032136977910995485,2258.1306052207947,605000
368.76703,0.22186285,-7.645543,0.073508844,1.0,5.063991,-4.127379,92.27851,0.6803601,-23.24965,-89.2051,0.3371603,331.39893,0.12167363,-7.737026,0.09637957,1.0,0.4715863,-22.94534,-81.285904,0.5188247,0.0017290831089019775,2266.7760257720947,610000
337.41895,0.15795161,-7.650635,0.07478164,1.0,6.6411715,-4.2860703,85.22286,0.47290447,-22.965328,-85.75627,0.2871536,345.11676,0.17958935,-7.738249,0.09668512,1.0,0.4372592,-23.1386,-75.37862,0.46356314,0.0017223488807678222,2275.387776374817,615000
350.0956,0.1744325,-7.6600547,0.077136695,1.0,7.1451535,-4.501229,99.08941,0.58120555,-24.698269,-89.86055,0.3214769,343.9801,0.13153648,-7.7238264,0.09307964,1.0,0.7891942,-22.79091,-85.964554,0.43663287,0.0017332001209259033,2284.0537824630737,620000
342.29987,0.17870885,-7.6489606,0.07436311,1.0,12.57937,-4.5429926,85.20853,0.4381664,-23.020853,-88.76161,0.2978721,343.9436,0.15403144,-7.7276487,0.09403522,1.0,0.4015807,-22.134691,-90.94823,0.52505076,0.0017321013927459716,2292.714294910431,625000
334.5067,0.16978475,-7.664769,0.07831527,1.0,3.7195537,-3.8831367,81.43028,1.0552886,-23.216507,-82.01314,0.3343066,346.69925,0.15967855,-7.737417,0.09647726,1.0,0.38362938,-23.389263,-84.81558,0.33592138,0.0017186198234558105,2301.3073987960815,630000
347.62402,0.21921648,-7.6385517,0.071760915,1.0,11.413573,-4.3723125,87.945145,1.1731977,-22.899601,-89.156555,0.2904678,332.73523,0.12775505,-7.7613397,0.10245788,1.0,0.5038198,-22.38002,-86.04443,0.4196034,0.0017206742763519287,2309.910776615143,635000
332.66278,0.16168365,-7.662815,0.077826664,1.0,5.6444364,-7.778059,89.506714,0.43878597,-22.69961,-82.38957,0.3432408,346.14386,0.19781053,-7.7043076,0.088199854,1.0,0.44903827,-22.41304,-81.03923,0.4128652,0.0017318113803863526,2318.5698387622833,640000
328.3966,0.22127554,-7.6393867,0.07196973,1.0,3.0543811,-4.638638,81.81372,0.842391,-22.531673,-103.04079,0.36999476,331.57367,0.17151198,-7.748302,0.0991985,1.0,0.7211349,-23.14029,-89.57106,0.43974522,0.0017306253910064698,2327.2229721546173,645000
340.80035,0.19088902,-7.626944,0.06885894,1.0,4.611268,-6.521694,86.36536,0.51174116,-22.892887,-88.65021,0.27463967,328.7716,0.119135804,-7.7082644,0.089189105,1.0,0.7087704,-22.85775,-77.18829,0.36611268,0.0017185100078582764,2335.815528154373,650000
334.97095,0.13360256,-7.6587706,0.07681562,1.0,5.689096,-5.8470025,95.19601,0.5719879,-22.72654,-94.81119,0.33774114,338.1067,0.14957362,-7.7149563,0.090862036,1.0,0.55352926,-22.558498,-76.14551,0.45879716,0.0017301756858825684,2344.466411590576,655000
343.93408,0.1810531,-7.645466,0.07348932,1.0,4.9867673,-11.153645,98.07,0.50040334,-22.766232,-77.486145,0.3374998,346.6271,0.16861337,-7.7227955,0.092821866,1.0,0.52462053,-22.418808,-78.07387,0.37298968,0.001724678611755371,2353.0898101329803,660000
352.25513,0.21426477,-7.628441,0.06923321,1.0,5.772159,-6.194567,83.16456,0.6981051,-23.21275,-76.73981,0.30640003,337.79596,0.20523229,-7.738179,0.09666772,1.0,0.38464057,-21.730156,-81.36131,0.45139754,0.0017175398349761964,2361.6775147914886,665000
351.412,0.2037673,-7.6512837,0.074943885,1.0,4.254762,-6.1280174,98.063095,0.5025819,-22.824074,-93.35966,0.402208,350.6455,0.16182342,-7.7228785,0.09284264,1.0,0.5477669,-22.750055,-82.599785,0.38958633,0.0017247499465942384,2370.301270008087,670000
345.2166,0.21764076,-7.643091,0.07289581,1.0,3.9270358,-9.044408,95.51865,0.7894341,-22.752993,-86.374954,0.26095122,349.52402,0.18074596,-7.7323914,0.095220834,1.0,0.66070104,-23.695436,-77.49657,0.419382,0.0017313919067382813,2378.9582345485687,675000
341.74164,0.16577832,-7.6393967,0.071972184,1.0,2.9282458,-3.604928,79.73464,0.5586168,-22.82036,-89.63762,0.30339175,359.48798,0.19642404,-7.6983995,0.08672294,1.0,0.56939566,-23.22459,-87.773575,0.449596,0.0017256322860717773,2387.586401462555,680000
343.4748,0.20889819,-7.6580467,0.076634645,1.0,6.110495,-5.132821,96.96351,0.5498589,-22.159584,-88.87148,0.35009155,349.42352,0.20729569,-7.72431,0.093200356,1.0,0.49536875,-22.99081,-78.95831,0.54657376,0.0017199448585510254,2396.186131477356,685000
343.74213,0.17873418,-7.648812,0.07432591,1.0,10.905001,-7.7074804,98.25904,0.5620211,-22.359337,-87.855515,0.34283134,324.5959,0.056955207,-7.749876,0.09959188,1.0,0.44918612,-22.26408,-83.31546,0.5495169,0.0017224610328674317,2404.7984416484833,690000
339.85944,0.15629573,-7.637204,0.0714241,1.0,5.362349,-5.6041803,94.87437,0.77928185,-23.432951,-80.64771,0.30889565,341.61407,0.19623101,-7.7256994,0.09354784,1.0,0.378319,-22.003078,-87.256615,0.3876142,0.0017294066905975342,2413.4454803466797,695000
311.8341,0.07949282,-7.6371984,0.07142256,1.0,3.7256696,-3.6324172,82.962105,0.3383702,-23.330036,-95.005646,0.49290612,321.23602,0.13722321,-7.7109003,0.08984806,1.0,0.676248,-23.228233,-80.88914,0.4765343,0.001728474760055542,2422.0878596305847,700000
321.68723,0.11223067,-7.637212,0.071425945,1.0,7.2333403,-7.9554205,85.627144,0.6067288,-23.30664,-86.58327,0.34120262,335.54065,0.14670196,-7.7345223,0.095753506,1.0,0.53156465,-22.479593,-77.361565,0.503015,0.03332395906448364,2588.707662343979,705000
325.46204,0.105314136,-7.6794605,0.08198804,1.0,11.370529,-6.0677004,104.09621,0.51899135,-24.496384,-81.983,0.36184967,341.73804,0.21919656,-7.7394753,0.096991874,1.0,0.37498596,-22.409851,-87.77288,0.45596087,0.001750287437438965,2597.4591064453125,710000
335.29547,0.17678834,-7.6544743,0.075741544,1.0,7.270402,-4.9377074,99.74475,0.64848393,-23.88741,-86.244736,0.3355114,351.01312,0.18960646,-7.709266,0.08943954,1.0,0.63979304,-23.410458,-90.98321,0.42810264,0.001726653242111206,2606.092378139496,715000
354.43185,0.21781792,-7.6375303,0.07150552,1.0,5.8512945,-7.914729,97.01308,0.31100953,-22.49971,-86.60003,0.3856924,339.36725,0.12502009,-7.736349,0.09621023,1.0,0.54219496,-23.027092,-77.6862,0.47080338,0.0017220925331115722,2614.7028465270996,720000
349.94257,0.17807394,-7.642923,0.0728537,1.0,5.97073,-4.1391635,88.26323,0.80317163,-24.335655,-89.755646,0.4108564,334.48358,0.14975676,-7.7083445,0.08920912,1.0,0.3767325,-22.343523,-76.961365,0.4680229,0.001736853265762329,2623.387118577957,725000
335.96674,0.19557294,-7.636893,0.071346074,1.0,4.0895615,-2.8800168,86.19431,0.6985665,-23.325565,-91.99928,0.2972049,325.9675,0.09733842,-7.7157345,0.09105661,1.0,0.8381752,-23.397491,-80.16383,0.31417245,0.0017226504325866699,2632.000376224518,730000
344.76953,0.19858137,-7.644104,0.07314901,1.0,7.390321,-3.8458455,94.93128,0.8380629,-23.310394,-86.66236,0.31623715,372.40814,0.20385301,-7.7182274,0.09167974,1.0,0.50359243,-21.915546,-79.64674,0.3929302,0.0017296343803405762,2640.648553133011,735000
321.46753,0.105095625,-7.656964,0.07636392,1.0,7.1632786,-6.9413805,96.58462,0.61992097,-23.398409,-97.35026,0.32867575,360.39194,0.273333,-7.7405424,0.09725858,1.0,0.36170205,-22.814247,-86.880356,0.40194285,0.0017314712047576905,2649.3059153556824,740000
344.7539,0.22160876,-7.630698,0.069797516,1.0,4.9718738,-3.9908235,84.26369,0.5484543,-23.306723,-103.328,0.31371906,348.93555,0.20790716,-7.7344933,0.09574627,1.0,0.5274534,-22.921232,-79.34241,0.40009078,0.0017214735984802246,2657.913288831711,745000
360.34756,0.17700475,-7.632284,0.070194036,1.0,5.189807,-5.658053,92.90733,0.43731982,-22.855907,-103.855286,0.37413102,340.09973,0.12281512,-7.7316732,0.095041305,1.0,0.5160688,-22.989141,-88.361115,0.49796823,0.0017250471591949462,2666.5385303497314,750000
331.58646,0.1172952,-7.634674,0.07079139,1.0,5.647098,-9.366717,94.18326,0.6161499,-22.540314,-96.13609,0.33995357,339.4597,0.16995198,-7.7066274,0.08877979,1.0,0.7116848,-22.76252,-96.70813,0.56317085,0.0017312352657318116,2675.1947124004364,755000
327.73395,0.12413386,-7.6457033,0.07354887,1.0,5.478809,-5.35759,95.52997,1.3064213,-22.254864,-82.95709,0.3739996,342.01965,0.16187356,-7.72125,0.092435494,1.0,0.63163424,-21.780756,-82.87703,0.43532905,0.0017292075634002685,2683.8407554626465,760000
324.15433,0.12219752,-7.644424,0.07322888,1.0,5.98106,-5.7691526,91.86942,0.35941547,-23.543419,-90.70337,0.3863369,342.0133,0.17619604,-7.7272677,0.093939915,1.0,0.4959303,-22.008749,-84.592804,0.4328139,0.0017215027809143067,2692.4482748508453,765000
352.16714,0.19058684,-7.6459045,0.07359916,1.0,5.192168,-5.906031,89.71554,0.8359073,-22.11146,-85.57808,0.2910895,363.53162,0.2632966,-7.700504,0.08724895,1.0,0.78092957,-21.88323,-86.93779,0.59847206,0.0017301731586456298,2701.0991456508636,770000
352.8785,0.17965859,-7.6448317,0.07333094,1.0,7.149609,-4.5961256,93.81773,0.5594492,-23.279606,-83.71883,0.3155092,344.98813,0.17758724,-7.7067094,0.08880041,1.0,0.33777124,-21.851612,-91.87332,0.6465391,0.0017213154315948486,2709.705729007721,775000
336.46576,0.19485126,-7.6504374,0.07473238,1.0,6.753024,-3.35628,88.740364,0.46132106,-23.929708,-85.55879,0.39676416,339.19894,0.15084156,-7.7208724,0.09234104,1.0,0.44381672,-22.949615,-95.445145,0.365793,0.0017255076885223388,2718.333272218704,780000
319.4141,0.103547566,-7.6505933,0.07477127,1.0,4.944615,-5.87121,85.55864,0.68058866,-22.870575,-84.84444,0.29888505,365.16486,0.1978248,-7.728595,0.09427165,1.0,0.39615816,-22.130066,-89.05971,0.4547109,0.00172067551612854,2726.936656475067,785000
318.0022,0.16649917,-7.628297,0.0691972,1.0,9.9452,-4.228646,93.86746,0.7798352,-23.938917,-89.78027,0.40296242,345.8697,0.1964989,-7.735344,0.09595896,1.0,0.5095421,-22.530003,-79.13344,0.37145543,0.0017367620944976807,2735.620473384857,790000
341.29547,0.17424668,-7.6319623,0.070113584,1.0,5.2838335,-3.9383156,92.52511,0.3969143,-23.958508,-91.97059,0.34297758,354.60397,0.17581409,-7.722117,0.09265225,1.0,0.40904897,-23.920006,-90.597305,0.46681473,0.001720775556564331,2744.224356651306,795000
333.77167,0.14216468,-7.638809,0.07182527,1.0,5.5833473,-9.69017,85.28865,0.4663738,-23.32294,-82.157814,0.32567257,348.65433,0.15781575,-7.7259655,0.09361434,1.0,0.8040558,-23.417915,-84.69533,0.5004904,0.0017253968715667724,2752.8513464927673,800000
341.15717,0.13485199,-7.6357975,0.07107225,1.0,3.5354764,-4.6380806,91.479004,0.6646925,-24.013456,-98.74841,0.3681987,339.7425,0.15464666,-7.72217,0.09266545,1.0,0.5602062,-23.668512,-89.4823,0.4866687,0.03477867288589478,2926.7447164058685,805000
335.95514,0.16960122,-7.6495123,0.0745011,1.0,13.257312,-5.095088,125.608505,0.4943572,-23.510334,-92.97394,0.39056957,354.0606,0.20801374,-7.7360363,0.09613207,1.0,0.659369,-22.338964,-77.98065,0.45684275,0.0017293717861175538,2935.3915803432465,810000
337.61145,0.18363664,-7.6240067,0.06812474,1.0,4.613974,-4.3580565,78.89813,0.24803406,-24.935768,-91.35878,0.31250486,357.96973,0.183873,-7.7178707,0.09159062,1.0,0.89461756,-23.09399,-86.020325,0.36532098,0.001740661334991455,2944.0948922634125,815000
338.58063,0.1814906,-7.6490297,0.07438031,1.0,15.621487,-6.346427,121.282974,0.36457866,-23.148193,-89.24388,0.42823493,347.6316,0.13775213,-7.7226715,0.09279093,1.0,0.9389886,-23.857494,-81.01274,0.49081415,0.0017420567512512208,2952.8051817417145,820000
328.94992,0.14587666,-7.651387,0.07496977,1.0,2.949055,-3.1588614,86.61777,0.56408,-23.389458,-102.86189,0.4001639,365.01685,0.22858605,-7.720479,0.092242666,1.0,0.8470445,-22.513502,-80.728615,0.4326943,0.001737882709503174,2961.4946007728577,825000
339.36133,0.19379175,-7.64922,0.07442792,1.0,4.0385647,-3.3939784,86.68204,0.7522006,-22.509602,-86.351944,0.3030651,319.66254,0.12704605,-7.7178516,0.091585934,1.0,0.62311083,-23.08571,-84.10217,0.4309358,0.0017399327278137208,2970.1942703723907,830000
333.85345,0.14472586,-7.636907,0.071349755,1.0,4.034872,-13.681677,103.41894,0.40156406,-23.276258,-94.70134,0.35932893,353.58868,0.21294881,-7.730585,0.09476925,1.0,0.49142584,-22.269634,-87.67219,0.62967396,0.001735593605041504,2978.872243642807,835000
346.33545,0.17881297,-7.6359663,0.071114674,1.0,3.5542989,-3.6067398,93.72013,0.533237,-24.277487,-94.898865,0.3413667,330.8805,0.09558663,-7.7761555,0.106161796,1.0,0.78671,-22.112965,-79.24622,0.5293677,0.0017454437732696533,2987.599467754364,840000
339.2125,0.15773661,-7.6456842,0.07354413,1.0,4.988854,-4.472532,88.75426,0.4444041,-23.996468,-96.38439,0.29675603,347.95325,0.19144851,-7.6962404,0.086183086,1.0,0.79073715,-23.424587,-85.65459,0.3141722,0.0017420005321502686,2996.309475660324,845000
336.57562,0.17090802,-7.6242876,0.06819484,1.0,6.28593,-6.0074387,101.33228,0.5551928,-24.076595,-100.89798,0.32459095,333.99866,0.16807443,-7.759877,0.10209221,1.0,0.7692808,-22.013697,-85.457504,0.3922118,0.0017457469940185546,3005.0382158756256,850000
345.27228,0.19094233,-7.6307716,0.06981592,1.0,4.9366264,-4.471118,88.120094,0.6322229,-22.717283,-94.63005,0.33297896,350.58472,0.2084865,-7.7163534,0.09121124,1.0,0.6660945,-23.273865,-90.99559,0.48708868,0.001738692569732666,3013.7316858768463,855000
354.00378,0.19251212,-7.635545,0.07100907,1.0,5.9666047,-5.8694844,99.92218,0.57384443,-22.822853,-83.15104,0.3283432,336.38193,0.168748,-7.720787,0.092319846,1.0,0.5445305,-22.262754,-90.28516,0.5314195,0.0017382843494415283,3022.423112630844,860000
336.55835,0.17810293,-7.6329927,0.070371196,1.0,3.3429384,-4.5598154,84.16352,0.41814235,-24.609753,-93.38651,0.32656902,343.97925,0.16077414,-7.7365804,0.096268095,1.0,0.7454029,-22.741266,-84.41746,0.41910326,0.0017410406112670898,3031.1283218860626,865000
340.55566,0.1470603,-7.645816,0.07357696,1.0,3.2026308,-3.3186848,93.9377,0.55514854,-23.793556,-92.41345,0.3670665,335.6725,0.17550057,-7.700672,0.08729103,1.0,0.79681623,-22.964977,-85.13032,0.5014726,0.0017438600540161133,3039.8476283550262,870000
345.46097,0.13588874,-7.6314626,0.06998859,1.0,5.187248,-4.134409,89.20374,0.4974,-23.947979,-94.53591,0.2740249,335.75443,0.13412938,-7.736145,0.09615923,1.0,0.5022048,-22.276129,-86.913925,0.49036923,0.0017445591926574706,3048.5704300403595,875000
347.18823,0.24051446,-7.6381636,0.07166377,1.0,4.7940702,-11.496559,92.45653,0.5087149,-23.443535,-88.66243,0.3018442,372.66107,0.16254099,-7.722452,0.09273606,1.0,0.7241621,-23.678802,-76.64684,0.4928058,0.0017368942260742187,3057.2549068927765,880000
325.56558,0.12952942,-7.6381345,0.071656585,1.0,4.2680078,-4.1814322,90.98215,0.49519005,-22.717289,-82.96152,0.34898484,347.56436,0.21105054,-7.7475886,0.09902017,1.0,0.62002015,-22.314589,-91.64366,0.5812844,0.0017437757492065429,3065.9737918376923,885000
335.23422,0.11087526,-7.637333,0.071456224,1.0,5.935054,-10.2342825,102.4831,0.41797608,-22.640703,-91.71325,0.37314326,351.6325,0.15180278,-7.7130795,0.09039277,1.0,0.33587235,-22.446182,-83.32782,0.36569306,0.0017309856414794921,3074.628725528717,890000
343.40234,0.24431753,-7.6232853,0.06794442,1.0,8.543461,-4.868494,95.04501,0.6298022,-23.528896,-88.890434,0.31389716,361.56357,0.1835148,-7.7410507,0.097385556,1.0,0.37590295,-23.119566,-79.39329,0.47057813,0.0017335971355438233,3083.2967162132263,895000
343.10516,0.16422018,-7.6170263,0.06637953,1.0,4.1191144,-10.654764,90.832,0.5632545,-23.050236,-83.59474,0.2779801,344.39386,0.1852648,-7.720243,0.09218374,1.0,0.8627911,-23.189274,-90.16351,0.38704115,0.0017489603042602539,3092.0415229797363,900000
332.46603,0.13555974,-7.6544743,0.075741604,1.0,3.4938538,-6.8834825,88.98346,0.48146537,-23.065836,-96.635895,0.43595335,330.15216,0.18674594,-7.748109,0.099150226,1.0,0.49303198,-21.53307,-86.06066,0.46999985,0.03222903828620911,3253.186719894409,905000
314.45035,0.10481443,-7.6558676,0.07608994,1.0,11.501413,-5.136698,90.665955,0.7477986,-23.133099,-95.73713,0.32598966,346.1869,0.15888655,-7.763691,0.10304577,1.0,0.7702565,-22.22461,-92.97836,0.4404801,0.0017157848834991455,3261.7656495571136,910000
340.40515,0.17078245,-7.635647,0.071034715,1.0,4.2204113,-4.4515905,89.76204,0.41927683,-23.250153,-86.28075,0.4054907,334.29117,0.17049053,-7.719634,0.092031494,1.0,0.8841789,-23.260895,-84.59036,0.48959318,0.0017212345600128175,3270.371828317642,915000
332.33173,0.15329893,-7.6352797,0.07094291,1.0,17.061306,-5.115882,102.45669,0.61261135,-22.755766,-92.9155,0.38152522,339.55594,0.1246154,-7.7134953,0.09049673,1.0,0.6702561,-22.829647,-82.96724,0.5705267,0.001725767183303833,3279.0006697177887,920000
344.0951,0.18602803,-7.642719,0.07280268,1.0,5.6484866,-5.8473473,102.73475,0.48433244,-24.150991,-90.99283,0.2871016,328.268,0.13495396,-7.7314405,0.09498301,1.0,0.83206594,-22.112816,-86.8815,0.54394466,0.0017279650211334228,3287.640501022339,925000
341.35706,0.13236764,-7.634819,0.07082772,1.0,4.125328,-3.558187,91.79159,0.57874626,-23.365902,-94.92149,0.5193718,324.43988,0.17945147,-7.7170954,0.09139684,1.0,0.9562175,-22.73124,-88.76163,0.43932647,0.0017154312133789062,3296.217662334442,930000
325.26178,0.15255673,-7.6457577,0.073562294,1.0,4.175395,-5.34235,90.10845,0.41448706,-23.104431,-94.33008,0.27406812,321.7035,0.10358013,-7.74053,0.09725552,1.0,0.78200233,-23.873177,-88.336716,0.36672866,0.0017247334957122802,3304.8413348197937,935000
345.21375,0.17985334,-7.641531,0.07250567,1.0,8.068888,-5.8102794,94.15911,0.9881927,-23.398502,-88.741425,0.33980954,362.03857,0.22232771,-7.7356634,0.09603885,1.0,0.87060905,-22.668394,-86.14424,0.43741116,0.001724831008911133,3313.4654953479767,940000
336.94858,0.16116244,-7.6375246,0.071504116,1.0,4.6597323,-4.0240717,89.71932,0.77410734,-23.938133,-92.50928,0.29730746,355.60242,0.19499508,-7.739257,0.09693713,1.0,0.6381132,-22.381054,-86.21385,0.46966845,0.0017191927909851075,3322.061464548111,945000
334.1333,0.17817518,-7.6366615,0.07128823,1.0,4.870155,-8.866121,93.67904,0.51877975,-23.664316,-90.211174,0.44144914,362.97217,0.23606837,-7.715668,0.09103997,1.0,0.9268608,-22.308075,-78.602005,0.44418392,0.0017172656059265138,3330.6477982997894,950000
339.54218,0.17386465,-7.6239057,0.06809941,1.0,4.772019,-3.4792988,82.76271,0.68852514,-24.105125,-87.240585,0.33881825,351.21753,0.18411943,-7.7122917,0.09019585,1.0,1.0945647,-22.697262,-92.29347,0.3819896,0.0017269929885864257,3339.2827689647675,955000
318.2542,0.16348848,-7.63735,0.071460485,1.0,7.8151264,-10.088387,116.10927,0.8220886,-22.005932,-85.09451,0.43898058,327.82422,0.17917225,-7.7233477,0.09295993,1.0,0.8898948,-22.197716,-83.202545,0.45336625,0.0017205731391906737,3347.8856399059296,960000
345.6686,0.12711278,-7.649932,0.074605934,1.0,4.5810184,-5.5144277,96.49578,0.53543425,-22.491943,-84.33242,0.3313154,340.98383,0.18245545,-7.74492,0.09835303,1.0,1.4458215,-21.918194,-87.66534,0.39886212,0.0017276829242706298,3356.524059534073,965000
330.16022,0.15642147,-7.6339517,0.07061082,1.0,5.2073708,-4.8172092,83.07334,0.48012835,-23.717888,-88.16759,0.2980814,339.60364,0.17105097,-7.7243366,0.09320709,1.0,0.7210746,-22.858574,-81.011894,0.53439325,0.0017230345249176025,3365.139237642288,970000
345.99722,0.21689633,-7.6309094,0.06985034,1.0,4.2152257,-5.9137373,103.40109,0.61445314,-23.537832,-80.84949,0.4575135,335.0216,0.12460997,-7.7200294,0.09213032,1.0,0.75141937,-22.844347,-87.751205,0.42490616,0.001725474739074707,3373.766616821289,975000
327.14685,0.16816232,-7.632036,0.07013211,1.0,10.603842,-4.758359,93.41804,0.56793445,-23.075665,-87.60636,0.34269774,335.29675,0.17831706,-7.739587,0.09701957,1.0,0.5289625,-21.644344,-88.79825,0.58922076,0.0017233473777770996,3382.3833587169647,980000
347.38797,0.2212384,-7.628196,0.06917197,1.0,6.897471,-8.566981,99.3768,0.72046614,-23.341904,-92.59684,0.3479846,333.57422,0.13530253,-7.7559195,0.10110284,1.0,0.9894831,-23.124134,-90.159355,0.35264617,0.0017162428379058838,3390.96457862854,985000
323.24045,0.14985514,-7.629072,0.06939088,1.0,4.3759665,-4.7245235,86.87263,0.66824114,-23.828743,-84.597626,0.31687826,333.982,0.15434982,-7.7339153,0.09560183,1.0,0.41802102,-23.700243,-90.313354,0.42555335,0.0017186716079711914,3399.5579419136047,990000
338.27563,0.16086128,-7.6304355,0.06973188,1.0,6.0843587,-21.231068,111.55405,0.41624326,-22.613932,-98.91394,0.4185518,359.8551,0.21791661,-7.735904,0.096099004,1.0,0.48569405,-23.724663,-83.90344,0.4150366,0.001716546869277954,3408.1406815052032,995000
342.31232,0.11953777,-7.6610284,0.07738009,1.0,9.940722,-5.359888,107.56125,0.4004717,-22.639526,-97.27637,0.34575298,346.90952,0.18505803,-7.7121625,0.09016357,1.0,0.6259835,-22.985191,-82.31764,0.43064138,0.0017239139556884766,3416.760256767273,1000000
