training/actor/actor_loss,training/actor/bc_log_prob,training/actor/bc_loss,training/actor/mse,training/actor/q_abs_mean,training/actor/q_loss,training/actor/q_mean,training/actor/std,training/dynamics/dynamics_loss,training/grad/max,training/grad/min,training/grad/norm,training/value/d_neg_loss,training/value/d_neg_max,training/value/d_neg_mean,training/value/d_neg_min,training/value/d_pos_loss,training/value/d_pos_max,training/value/d_pos_mean,training/value/d_pos_min,training/value/lam,training/value/lam_loss,training/value/total_loss,training/value/value_loss,validation/actor/actor_loss,validation/actor/bc_log_prob,validation/actor/bc_loss,validation/actor/mse,validation/actor/q_abs_mean,validation/actor/q_loss,validation/actor/q_mean,validation/actor/std,validation/dynamics/dynamics_loss,validation/value/d_neg_loss,validation/value/d_neg_max,validation/value/d_neg_mean,validation/value/d_neg_min,validation/value/d_pos_loss,validation/value/d_pos_max,validation/value/d_pos_mean,validation/value/d_pos_min,validation/value/lam,validation/value/lam_loss,validation/value/total_loss,validation/value/value_loss,time/epoch_time,time/total_time,step
1.0207028,-20.7028,0.020702802,0.13381824,359.67572,1.0,-359.67572,1.0,2.7199893,415.53915,-646.24603,2367.5906,145.89941,1023.3301,510.93286,0.9856807,7.6936684,15.338889,2.7473989,0.03774586,6.489083,-49.600395,146.22388,195.82426,1.0207297,-20.729675,0.020729676,0.13637775,347.37613,0.99999994,-347.37613,1.0,2.8499837,152.06253,1022.78546,499.62766,0.9760643,8.372873,14.191216,2.8423648,0.02567788,6.491032,-54.024036,152.38708,206.41112,0.08832641735076904,441.63210821151733,5000
1.0203602,-20.360199,0.0203602,0.10118944,295.1807,1.0,-295.1807,1.0,1.8749069,5163.3267,-7217.816,17974.936,129.83232,1080.2834,488.12836,6.6843767,2.178942,7.5344753,1.8645217,0.0072987904,29.35067,-62.485874,131.29987,193.78574,1.0204405,-20.440426,0.020440428,0.10883025,313.57562,1.0,-313.57562,1.0,1.8313677,125.21685,1078.9545,499.56616,7.982426,1.8983752,7.6814,1.8243608,0.02644655,29.359676,-54.267696,126.68483,180.95253,0.00380973596572876,460.6807930469513,10000
1.0202873,-20.287334,0.020287335,0.09425001,215.8964,1.0,-215.8964,1.0,1.1766815,5885.8022,-5036.4185,20839.402,199.08333,810.1008,344.5384,5.9963164,0.45479184,5.4265914,1.1674199,0.0272195,128.45576,-51.997845,205.50612,257.50397,1.02032,-20.320103,0.020320104,0.09737091,211.23758,1.0,-211.23758,1.0,1.1362157,198.26382,810.4247,345.58008,5.7199645,0.37117398,4.3720627,1.1386895,0.025265055,128.49437,-41.269047,204.68855,245.9576,0.003807239627838135,479.7169964313507,15000
1.0205615,-20.561485,0.020561486,0.120359786,152.14957,1.0,-152.14957,1.0,0.7150067,3528.7983,-4522.5894,13999.701,259.5824,621.3727,257.2158,6.314538,0.08835526,2.7240098,0.8633245,0.020914577,455.50473,-17.471,282.35764,299.82864,1.0205852,-20.585167,0.020585168,0.12261495,169.48203,1.0,-169.48203,1.0,0.7232882,252.095,655.4803,266.54095,1.9073064,0.10815011,2.7725415,0.8799263,0.015470533,455.60446,-26.493448,274.87524,301.36868,0.0038418427467346193,498.9262156486511,20000
1.0205498,-20.549784,0.020549783,0.11924524,143.8873,1.0,-143.8873,1.0,0.5724081,3000.8635,-4169.0522,14484.218,279.9762,588.1484,232.46591,1.6353755,0.051138107,3.3310516,0.7685355,0.008606432,688.7674,-0.7838903,314.41455,315.19846,1.0205727,-20.572662,0.020572662,0.121424064,146.83824,1.0,-146.83824,1.0,0.5676472,272.16406,606.82825,241.97032,2.384433,0.05062948,2.5627847,0.7789931,0.015446564,688.747,-0.4335531,306.6014,307.03497,0.003808188724517822,517.9671659469604,25000
1.0204043,-20.404428,0.020404428,0.105401896,138.76709,0.99999994,-138.76709,1.0,0.52698404,2520.5637,-1166.3794,7896.853,279.0608,582.32184,233.87556,1.0984796,0.05421427,2.4290748,0.8072891,0.011134543,690.0264,-2.9079564,313.5621,316.47006,1.0204848,-20.484814,0.020484814,0.113057494,156.96536,1.0,-156.96536,1.0,0.51108104,267.74475,587.141,247.0597,1.2208253,0.04657533,2.5266314,0.78000295,0.018471029,690.0231,2.3631017,302.2459,299.8828,0.003898740005493164,537.460871219635,30000
1.0203379,-20.337955,0.020337958,0.09907117,152.88268,1.0,-152.88268,1.0,0.48909152,5488.379,-5569.2827,19716.299,270.9639,620.59045,244.04599,1.5233183,0.0630821,2.519289,0.81187177,0.0069555165,689.5938,-9.021334,305.4436,314.46494,1.0204294,-20.429396,0.020429399,0.10777982,152.61227,1.0,-152.61227,1.0,0.48632163,264.701,635.9962,251.80379,4.004522,0.047834408,2.9570947,0.7702652,0.008822787,689.5732,1.493335,299.17966,297.6863,0.0038173816680908204,556.5477850437164,35000
1.0203054,-20.30539,0.02030539,0.09596948,144.07916,1.0,-144.07916,1.0,0.50655496,3004.4465,-5005.6743,12312.732,280.62698,575.6308,232.23615,2.4349575,0.05033134,3.0448425,0.8063657,0.0134618655,690.7529,-0.22887303,315.1646,315.3935,1.0203657,-20.365728,0.020365728,0.10171604,155.51274,1.0,-155.51274,1.0,0.47615924,266.66733,606.5111,248.94923,1.0309058,0.058277566,2.935968,0.8238729,0.01398575,690.721,-5.7174883,301.20337,306.92087,0.003807995843887329,575.5877742767334,40000
1.0202833,-20.28333,0.02028333,0.093868725,145.91489,1.0,-145.91489,1.0,0.4701798,2355.4998,-1903.1686,7779.2754,273.43665,594.3092,240.40614,2.1979105,0.042964578,2.2244375,0.7887076,0.011321103,691.4423,4.864589,308.00876,303.14417,1.0203547,-20.354748,0.020354748,0.10067029,150.4657,1.0,-150.4657,1.0,0.45633018,275.47913,633.574,239.54102,3.6042893,0.04551305,2.4587533,0.78432053,0.005926323,691.45654,3.1025324,310.05197,306.94943,0.0038080238819122314,594.6278989315033,45000
1.0202587,-20.258642,0.020258643,0.09151749,142.54916,1.0,-142.54916,1.0,0.44709218,3367.405,-4462.809,13049.295,277.34756,602.46484,235.47551,1.9598116,0.046990976,2.5103881,0.7836015,0.011649302,676.8611,2.036692,311.1906,309.15393,1.0202925,-20.29251,0.02029251,0.09474279,148.5972,1.0,-148.5972,1.0,0.43721634,270.40555,604.1439,244.351,2.446192,0.035968043,2.4723713,0.7720806,0.012330809,676.85046,9.497538,304.24808,294.75055,0.003808960199356079,613.6727063655853,50000
1.0202314,-20.2314,0.0202314,0.08892293,135.93472,0.99999994,-135.93472,1.0,0.47466403,4362.504,-3671.6633,11885.199,281.6768,521.3653,229.74289,1.0509902,0.04347948,2.4309375,0.758491,0.013960816,696.8278,4.54368,316.51816,311.9745,1.0203075,-20.30762,0.020307621,0.09618194,146.80814,0.99999994,-146.80814,1.0,0.46686384,273.04767,545.08026,240.5712,2.4056487,0.048190128,2.3777878,0.79777414,0.016164731,696.6408,1.2608311,307.8797,306.61887,0.003895908498764038,633.1522607803345,55000
1.0202839,-20.283941,0.020283943,0.09392695,152.85457,1.0,-152.85457,1.0,0.4468617,3453.953,-2620.6675,12871.516,270.47427,658.59094,245.43842,1.6013075,0.06617607,2.9590225,0.83779,0.009811296,689.77045,-11.157776,304.9628,316.12057,1.0202993,-20.299368,0.020299368,0.095396,147.89755,1.0,-147.89755,1.0,0.45633993,257.12347,630.7624,260.367,6.747105,0.060259495,2.5838964,0.8194283,0.016089901,689.84247,-7.077435,291.6156,298.69302,0.003810550308227539,652.2050185203552,60000
1.0202752,-20.275236,0.020275235,0.09309769,152.47089,1.0,-152.47089,1.0,0.45311606,1243.9813,-1281.7324,6376.6426,270.77576,656.04926,244.48047,2.142952,0.059724346,2.4516437,0.81206393,0.0075993882,691.6438,-6.725783,305.35797,312.08374,1.0203266,-20.326578,0.020326579,0.09798756,162.06451,1.0,-162.06451,1.0,0.44354606,268.5512,671.6383,247.35124,1.5012329,0.050750248,2.414355,0.8098431,0.011854828,691.6181,-0.51888466,303.1321,303.651,0.004134492301940918,672.8774900436401,65000
1.0202788,-20.278866,0.020278865,0.09344343,159.1995,1.0,-159.1995,1.0,0.44970223,3607.4377,-2954.3977,9994.015,269.33914,652.8594,246.46892,0.9508374,0.047332652,2.2921193,0.8134794,0.014215447,690.93744,1.8429712,303.886,302.04303,1.0202968,-20.296795,0.020296793,0.095150955,156.8096,1.0,-156.8096,1.0,0.4599939,257.22388,658.4962,261.13098,3.475459,0.063743904,2.7229745,0.81854105,0.0047900756,690.9364,-9.496163,291.7707,301.26685,0.0038085272312164305,691.920131444931,70000
1.0202966,-20.296524,0.020296525,0.09512522,149.953,1.0,-149.953,1.0,0.47268835,2710.008,-2615.5637,12424.21,272.39166,604.1542,241.3936,3.0224352,0.055313915,3.6207235,0.8057694,0.010390685,699.5755,-3.7174842,307.37042,311.08792,1.0203578,-20.357895,0.020357896,0.10097009,148.55795,1.0,-148.55795,1.0,0.4428561,265.91104,617.4587,249.87909,1.5314134,0.05633522,4.2378817,0.78314507,0.021548435,699.5425,-4.4317536,300.88815,305.31992,0.00400477261543274,711.9440016746521,75000
1.0203316,-20.331587,0.020331588,0.09846464,149.39215,1.0,-149.39215,1.0,0.47659558,2980.8186,-2631.0212,11128.458,273.00708,615.6063,241.71457,4.2492337,0.05014786,2.42403,0.8124973,0.01530821,691.3602,-0.102224864,307.57507,307.6773,1.0203519,-20.351875,0.020351874,0.10039661,159.20651,1.0,-159.20651,1.0,0.45227283,264.49908,633.7664,251.92711,4.184645,0.04663302,2.5765827,0.79617155,0.012839297,691.4077,2.3279564,299.06946,296.74152,0.003811115741729736,730.9995853900909,80000
1.0202795,-20.279482,0.020279482,0.09350215,146.40384,1.0,-146.40384,1.0,0.44707683,2678.9631,-3161.9268,12160.098,273.50854,618.145,241.12672,1.8608509,0.059763554,2.5782382,0.8303821,0.0072754393,691.91797,-6.755578,308.10443,314.86002,1.0203689,-20.368979,0.020368978,0.10202565,159.29935,1.0,-159.29935,1.0,0.4755351,271.6819,607.86285,244.67526,0.107646815,0.06155216,2.8198678,0.81927264,0.028245712,692.11096,-7.9953756,306.28745,314.2828,0.003809756326675415,750.0483720302582,85000
1.0202795,-20.279573,0.020279573,0.093510814,135.87567,1.0,-135.87567,1.0,0.40590277,594.8462,-642.7175,3225.326,295.49695,498.0476,214.22859,5.961042,0.035667524,2.4582887,0.7248099,0.013331551,707.2041,10.135986,330.85715,320.72116,1.0202831,-20.283062,0.020283062,0.093843065,132.06866,1.0,-132.06866,1.0,0.4137821,297.33582,513.3033,212.06909,1.6224476,0.033554956,2.270907,0.7309866,0.022226961,707.0598,11.62763,332.6888,321.0612,0.0038085378170013427,769.0910675525665,90000
1.0202973,-20.297314,0.020297315,0.09520036,115.09268,1.0,-115.09268,1.0,0.42391688,744.0311,-600.2254,3086.0437,318.51178,466.7744,188.40976,3.1439815,0.030410111,2.2091372,0.7025441,0.013137697,714.6334,13.99959,354.24347,340.24387,1.0203193,-20.319445,0.020319445,0.09730814,117.90915,0.99999994,-117.90915,1.0,0.42929655,316.7779,471.90073,190.35847,1.5452211,0.04085041,2.3281922,0.7306289,0.007982544,714.5547,6.537884,352.5056,345.96774,0.00391840615272522,788.6831035614014,95000
1.0203307,-20.330639,0.02033064,0.09837419,159.28058,1.0,-159.28058,1.0,0.40959054,3592.4062,-3642.5364,10811.225,264.81442,650.32983,251.21483,0.8878653,0.056720573,2.5604894,0.81894314,0.008990333,693.82587,-4.662907,299.50574,304.16864,1.0203841,-20.384098,0.0203841,0.10346579,161.33104,1.0,-161.33104,1.0,0.43596983,255.06311,652.3029,264.25262,4.246255,0.049344547,2.6729796,0.80321217,0.013289588,693.8358,0.4547772,289.75488,289.3001,0.003900184440612793,808.1840312480927,100000
1.0204288,-20.42874,0.02042874,0.107717186,100.23707,1.0,-100.23707,1.0,0.5567564,852.4421,-1589.2147,5989.3984,339.74158,435.64728,165.45215,4.7682576,0.046194293,2.6164086,0.7337041,0.00824574,703.87354,2.6787372,374.93527,372.25653,1.0204556,-20.455635,0.020455636,0.11027877,102.1715,1.0,-102.1715,1.0,0.5673307,343.021,440.131,162.05869,1.2060698,0.04766217,2.8676198,0.727535,0.015706206,704.5199,1.6470492,378.247,376.59995,0.08142647318840027,1215.3164021968842,105000
1.0203468,-20.34676,0.020346759,0.09990949,149.97327,1.0,-149.97327,1.0,0.4464803,2224.1055,-2027.6996,9521.658,262.56458,590.7391,253.49745,5.5076494,0.054463208,2.4511373,0.8271211,0.007292577,682.9994,-3.0483677,296.71454,299.7629,1.020409,-20.408957,0.020408956,0.105833046,159.97488,1.0,-159.97488,1.0,0.42986345,262.5946,651.2665,254.09155,10.113237,0.049449496,2.2837021,0.8257939,0.00915363,683.0001,0.37599483,296.74463,296.36862,0.003805937099456787,1234.3460927009583,110000
1.0203137,-20.313763,0.020313762,0.09676697,154.19937,1.0,-154.19937,1.0,0.41695476,1938.1918,-2643.0535,8182.702,261.3673,625.17145,255.999,1.4448848,0.05665246,2.304002,0.81076247,0.0123067,688.904,-4.582906,295.8125,300.39542,1.0203284,-20.328411,0.020328412,0.098162085,161.2102,1.0,-161.2102,1.0,0.42190015,258.23822,660.1955,260.76395,4.214798,0.04987687,2.497917,0.80510724,0.008406031,688.93256,0.08482966,292.68484,292.6,0.0038065139293670656,1253.3786675930023,115000
1.0203427,-20.342693,0.020342693,0.09952218,153.35117,1.0,-153.35117,1.0,0.4118994,631.1303,-740.67566,3733.274,257.90323,679.08673,259.88452,0.5960809,0.04510419,2.4544873,0.8029133,0.004986175,688.56116,3.3710647,292.3313,288.96024,1.0203365,-20.336544,0.020336542,0.09893656,148.26366,0.99999994,-148.26366,1.0,0.44681227,258.08298,655.1738,260.4371,1.093736,0.04979116,2.7849727,0.82993186,0.01576214,688.5493,0.14379649,292.51044,292.36664,0.003805802774429321,1272.407686471939,120000
1.0203191,-20.319057,0.020319058,0.09727129,159.9064,1.0,-159.9064,1.0,0.39557672,1519.4529,-1374.5713,6767.8364,261.2426,649.00165,256.46884,3.3552039,0.046271883,2.2079296,0.82993877,0.010239223,687.9425,2.5647306,295.63974,293.075,1.0203966,-20.396574,0.020396575,0.1046539,167.03058,1.0,-167.03058,1.0,0.43450207,248.89986,677.8384,271.64136,4.3486238,0.046616253,2.3866525,0.81711686,0.01106068,687.92773,2.3277743,283.29626,280.96848,0.004017988300323487,1292.4976329803467,125000
1.0203221,-20.322119,0.020322122,0.09756286,150.45622,1.0,-150.45622,1.0,0.41747552,1414.9857,-1572.3949,6029.65,257.88623,676.50226,261.07492,4.5945244,0.04753347,2.376023,0.8002944,0.008236014,687.31036,1.6952714,292.25177,290.5565,1.0204091,-20.409088,0.020409089,0.10584558,166.16003,1.0,-166.16003,1.0,0.42855108,254.73763,657.81024,265.12885,5.7479057,0.06615464,3.2252843,0.83032846,0.0118096,687.2792,-11.102745,289.1016,300.20435,0.004214863634109497,1313.571962594986,130000
1.0203198,-20.31985,0.020319853,0.097346924,153.37616,1.0,-153.37616,1.0,0.42370355,866.7445,-1428.0597,6894.4497,263.93262,652.22754,252.91669,1.0304376,0.051861763,2.3205159,0.81035644,0.015341165,687.3483,-1.2796792,298.30002,299.5797,1.0203686,-20.368553,0.020368554,0.10198514,161.40608,1.0,-161.40608,1.0,0.41460836,254.09885,658.9889,266.01874,3.642913,0.045290526,2.3848038,0.82515895,0.019531714,687.3378,3.2370002,288.46573,285.22873,0.004322242975234985,1335.1831827163696,135000
1.0203602,-20.360233,0.020360231,0.10119268,153.13995,1.0,-153.13995,1.0,0.39573574,617.2431,-1190.8506,4552.7793,270.69464,602.7463,243.21484,3.8540673,0.042736612,2.4142807,0.81610876,0.009726516,690.857,5.017963,305.23752,300.21954,1.02041,-20.409962,0.020409964,0.10592885,160.02594,1.0,-160.02594,1.0,0.43052575,263.62042,611.3772,252.83852,3.4071171,0.05530999,2.278586,0.8509815,0.01234606,690.85046,-3.6684074,298.16296,301.83136,0.003807675123214722,1354.2215633392334,140000
1.0203307,-20.330666,0.020330667,0.09837701,152.88452,0.99999994,-152.88452,1.0,0.4188348,3462.8713,-2713.8357,9174.886,269.2339,665.7897,246.96211,7.352099,0.05782447,2.846468,0.8144269,0.0124920895,690.04816,-5.3992605,303.7363,309.13556,1.020386,-20.386005,0.020386007,0.103647225,153.95425,0.99999994,-153.95425,1.0,0.44193503,260.87585,638.2122,256.54385,2.9960165,0.051443305,2.2338798,0.8275126,0.013007829,690.07477,-0.9959878,295.37958,296.37558,0.004377140426635742,1376.1072707176208,145000
1.0203581,-20.358036,0.020358035,0.100983374,156.56375,1.0,-156.56375,1.0,0.42351174,2432.2944,-3556.7715,9804.839,262.0243,664.75244,255.07947,1.313208,0.04517538,2.4885783,0.7887893,0.018170843,691.3991,3.3357377,296.59424,293.2585,1.020413,-20.413027,0.020413028,0.10622072,166.28616,1.0,-166.28616,1.0,0.42877775,259.46072,687.24915,259.50873,5.877323,0.06706805,3.3571467,0.84688103,0.01865138,691.4021,-11.800883,294.03085,305.83173,0.00431720004081726,1397.693276166916,150000
1.020324,-20.324091,0.020324092,0.09775071,148.40982,0.99999994,-148.40982,1.0,0.4454571,2413.085,-2072.2256,10290.866,256.74146,655.83844,261.56973,3.4917073,0.06006424,2.841948,0.83252347,0.013384556,688.46625,-6.9288898,291.16476,298.09366,1.0204182,-20.418167,0.020418167,0.10671024,163.15329,1.0,-163.15329,1.0,0.43859863,257.86343,690.4466,261.28705,0.9002674,0.04289151,2.6058092,0.81191397,0.008851827,688.50464,4.894229,292.28867,287.39444,0.0038477184772491456,1416.9318749904633,155000
1.0203702,-20.370255,0.020370256,0.102147244,159.87613,1.0,-159.87613,1.0,0.44410866,2157.1362,-1639.8239,7652.25,261.61377,675.4356,256.67322,2.1067767,0.053357095,3.6580617,0.8074434,0.014029055,687.3749,-2.307582,295.9825,298.2901,1.0204283,-20.428314,0.020428315,0.10767676,163.1402,1.0,-163.1402,1.0,0.41452977,256.6015,695.4299,262.77704,0.95021665,0.057003826,2.5827658,0.83779526,0.027598707,687.3805,-4.814293,290.97052,295.78482,0.0038028878688812257,1435.9463195800781,160000
1.0203621,-20.36216,0.020362161,0.1013762,157.41733,1.0,-157.41733,1.0,0.44375765,3620.7493,-2922.5476,10288.732,262.54318,667.7539,254.85725,2.9667306,0.05139952,2.552344,0.8169918,0.018081088,691.2254,-0.96738434,297.10446,298.07184,1.020456,-20.455902,0.020455902,0.11030421,157.11032,1.0,-157.11032,1.0,0.42516148,248.79361,645.8515,271.84616,1.9105414,0.05794734,2.3564503,0.8300474,0.010977409,691.2261,-5.493409,283.35492,288.84833,0.00393397765159607,1455.6162128448486,165000
1.0204015,-20.401455,0.020401455,0.10511875,153.27023,1.0,-153.27023,1.0,0.4054706,1665.3889,-1029.4003,6067.4604,267.854,608.3065,247.7154,6.643573,0.04167793,2.2155738,0.80751836,0.010845159,696.35144,5.7950864,302.67157,296.8765,1.020427,-20.426971,0.020426974,0.107548796,156.67853,1.0,-156.67853,1.0,0.40594167,248.76135,661.0209,270.98383,2.99416,0.055535436,2.652164,0.8190179,0.008761802,696.3445,-3.8545697,283.57855,287.43314,0.003806961917877197,1474.6510286331177,170000
1.0204033,-20.403296,0.020403296,0.10529389,155.72964,1.0,-155.72964,1.0,0.4111339,977.3675,-1257.5366,5116.7783,268.30072,662.89246,247.73615,0.8913366,0.049127527,2.658941,0.80855215,0.017752199,692.3625,0.6040684,302.91885,302.3148,1.0204234,-20.42342,0.02042342,0.10721048,162.19644,1.0,-162.19644,1.0,0.4196127,256.11853,666.4264,262.89343,2.7880876,0.04841923,2.3662891,0.7991415,0.024046015,692.3516,1.0944494,290.7361,289.64166,0.003919434356689453,1494.2482059001923,175000
1.02039,-20.39011,0.020390112,0.10403824,150.63284,0.99999994,-150.63284,1.0,0.42112786,1376.6036,-1259.6288,6598.6543,267.9773,601.8505,247.77428,3.364927,0.042087846,2.276204,0.7992185,0.011752074,694.9308,5.4984,302.72385,297.22543,1.0204226,-20.422588,0.020422593,0.10713156,162.02214,0.99999994,-162.02214,1.0,0.4298163,258.2028,662.75714,260.3452,0.86947864,0.05269063,2.9949174,0.81278217,0.020602945,694.8887,-1.8696871,292.9472,294.8169,0.003807774782180786,1513.287085056305,180000
1.0203817,-20.381643,0.020381643,0.10323175,147.74194,1.0,-147.74194,1.0,0.40488273,2654.6965,-2030.1697,8119.8125,266.5474,635.9988,249.65826,5.09695,0.049435616,2.2990005,0.8264579,0.010272903,699.72095,0.39491215,301.53342,301.13852,1.020444,-20.44401,0.020444011,0.10917153,158.27478,1.0,-158.27478,1.0,0.41366497,257.3769,669.2953,261.51593,1.8083246,0.054448754,2.1668463,0.8434594,0.013871866,699.7146,-3.1128573,292.3626,295.47546,0.003822050619125366,1532.3973433971405,185000
1.0203637,-20.363634,0.020363636,0.10151678,153.91156,1.0,-153.91156,1.0,0.4153502,1568.7325,-1458.7429,6450.312,247.31604,674.8453,273.2795,2.1725266,0.041153193,2.3146605,0.82213795,0.026199328,687.8572,6.0853405,281.7089,275.62357,1.0204542,-20.454224,0.020454226,0.11014437,166.90811,1.0,-166.90811,1.0,0.4129489,251.37607,715.40967,269.82126,3.49976,0.05222176,2.2993276,0.8198031,0.016342938,687.8277,-1.5281876,285.76746,287.29565,0.0038566973209381104,1551.6808352470398,190000
1.0204091,-20.409061,0.020409063,0.105843045,160.0074,1.0,-160.0074,1.0,0.40950382,1593.5717,-1397.1084,5096.6904,254.32693,693.1377,266.08356,3.1521168,0.042463712,2.3469853,0.80962723,0.007749184,694.24713,5.2320466,289.0393,283.80725,1.0204518,-20.451797,0.020451799,0.109913416,157.32507,1.0,-157.32507,1.0,0.4248895,258.8853,703.4165,261.33868,1.2704406,0.06313877,4.792712,0.8280089,0.0046619955,694.2326,-9.121361,293.59695,302.71832,0.00411624059677124,1572.2620434761047,195000
1.0204475,-20.447548,0.020447548,0.10950838,154.69008,1.0,-154.69008,1.0,0.4104016,1232.7993,-985.807,5788.519,252.26013,640.61414,267.12732,2.049291,0.04248383,2.1456761,0.8161657,0.00424395,685.8522,5.1549826,286.55273,281.39777,1.020455,-20.454971,0.020454971,0.11021542,170.04155,1.0,-170.04155,1.0,0.4253586,248.74472,679.7325,273.5525,3.858608,0.04516585,2.2642677,0.8307181,0.021734528,685.8374,3.3154402,283.0366,279.72116,0.004136851644515991,1592.9463067054749,200000
1.0203849,-20.384903,0.020384904,0.10354226,153.97989,1.0,-153.97989,1.0,0.4225688,1553.4563,-922.74915,5439.3687,255.3609,662.23444,263.77008,3.9156113,0.04187122,2.4559255,0.81623405,0.015616789,695.9983,5.6576176,290.16083,284.5032,1.0204452,-20.445232,0.020445235,0.10928804,170.36722,1.0,-170.36722,1.0,0.41906983,249.98607,699.0872,271.4271,2.6683722,0.043690693,2.2223995,0.82623106,0.02382469,695.96545,4.3910604,284.78433,280.39328,0.08160403208732606,2000.9664721488953,205000
1.0205534,-20.553345,0.020553347,0.11958443,73.65978,1.0,-73.65978,1.0,0.49909836,682.0713,-768.87366,2974.1091,388.52924,340.3835,114.142944,2.2235181,0.025969315,2.9391475,0.63938,0.01991638,717.0327,17.230787,424.38086,407.1501,1.0205885,-20.588501,0.020588502,0.1229325,72.19582,1.0,-72.19582,1.0,0.5227876,391.60394,350.39706,110.91973,2.9630358,0.03052887,2.9045954,0.6439768,0.023104059,717.21014,13.964892,427.46448,413.49957,0.0038940593719482422,2020.4367742538452,210000
1.0204159,-20.41589,0.020415891,0.10649347,153.49677,1.0,-153.49677,1.0,0.43899179,3087.3643,-2998.5288,9357.75,261.78052,695.196,256.4552,1.2780212,0.041973833,2.2042751,0.79574037,0.008435005,687.88214,5.5210576,296.17462,290.65356,1.0204983,-20.498312,0.020498313,0.1143431,165.5527,1.0,-165.5527,1.0,0.44744375,256.40668,671.714,261.985,6.460898,0.06302341,2.8029745,0.8667136,0.008788769,687.9212,-8.95908,290.80273,299.7618,0.00393088665008545,2040.0912125110626,215000
1.0206516,-20.651638,0.020651639,0.12894553,76.76454,1.0,-76.76454,1.0,0.50259376,534.91425,-510.98984,2630.7803,380.77673,377.3668,122.17949,0.9777796,0.0274607,2.4950848,0.6174017,0.01690735,718.15674,16.18675,416.68457,400.49783,1.0206769,-20.6768,0.020676801,0.13134211,78.32203,1.0,-78.32203,1.0,0.48508978,379.84363,379.0842,123.13075,2.1240726,0.0807427,6.330139,0.64946556,0.013127752,718.45233,-22.087166,415.76624,437.8534,0.0044610321998596195,2062.3963787555695,220000
1.0208489,-20.848835,0.020848835,0.14772621,60.175674,1.0,-60.175674,1.0,0.45019895,213.36671,-407.27237,1232.3223,413.59143,280.9456,88.307396,1.6260526,0.012299691,2.0778003,0.5432462,0.01319691,719.21497,27.114628,449.5522,422.43756,1.0208768,-20.876812,0.020876817,0.150391,57.564888,1.0,-57.564888,1.0,0.4425692,413.36902,293.20706,88.563034,0.8766004,0.010948524,1.9259143,0.5257583,0.011248005,719.2053,28.08603,449.32928,421.24326,0.003940614032745361,2082.099453687668,225000
1.020409,-20.408955,0.020408954,0.1058329,160.61456,1.0,-160.61456,1.0,0.4100875,993.7643,-1335.425,5124.8774,251.17981,696.22736,269.62598,3.8526642,0.052455656,2.7705393,0.83508587,0.0168596,689.062,-1.6920989,285.6329,287.325,1.0204781,-20.478163,0.020478163,0.11242424,161.944,1.0,-161.944,1.0,0.43338534,256.25793,674.01624,263.70532,3.872629,0.06283265,2.8307905,0.8684526,0.018872423,689.05383,-8.842388,290.71063,299.553,0.0038093081951141358,2101.14599943161,230000
1.0204282,-20.428211,0.02042821,0.10766688,167.20142,1.0,-167.20142,1.0,0.42924935,2281.2139,-2246.5718,9260.225,257.65582,713.2718,261.77856,4.824439,0.06222126,2.844725,0.8408762,0.006197356,684.9031,-8.370378,291.90097,300.27136,1.0204983,-20.498322,0.020498324,0.114344165,168.4888,1.0,-168.4888,1.0,0.43558532,239.48434,700.3831,285.18994,2.6780207,0.054407023,2.6648054,0.8307704,0.018227868,684.94714,-3.0185773,273.7317,276.75027,0.004507205724716187,2123.6820333004,235000
1.0204432,-20.443197,0.020443197,0.10909411,158.763,1.0,-158.763,1.0,0.4531292,1865.6592,-2177.4587,7825.9873,252.94974,713.4892,267.62537,4.2408853,0.04663181,2.4773805,0.8217179,0.021395097,686.6159,2.3126538,287.28055,284.9679,1.0205013,-20.501297,0.020501297,0.11462732,168.71786,1.0,-168.71786,1.0,0.45765767,253.5214,700.40027,267.07227,6.1569734,0.061141178,2.759003,0.841316,0.026761802,686.6689,-7.6502995,287.85483,295.50513,0.003856598949432373,2142.9650332927704,240000
1.0204234,-20.42343,0.020423431,0.107211456,159.20416,1.0,-159.20416,1.0,0.42709464,1481.4193,-1633.9956,7292.6455,251.66946,675.6998,268.77844,5.6860113,0.044885755,2.0619128,0.7983134,0.017251706,687.27167,3.5148766,286.03302,282.51816,1.0204853,-20.485397,0.020485396,0.11311303,162.71512,0.99999994,-162.71512,1.0,0.44519854,247.90877,728.04254,274.6735,1.2436535,0.07371727,3.293536,0.8444066,0.016500276,687.25336,-16.29977,282.27142,298.5712,0.00427047324180603,2164.3174047470093,245000
1.0207554,-20.75542,0.020755421,0.13882965,62.598198,1.0,-62.598198,1.0,0.5261268,739.2969,-628.58826,5297.801,403.1996,321.0962,98.97563,1.0389916,0.0418986,4.3433323,0.60443676,0.0104746325,712.03503,5.768481,438.80136,433.03287,1.020809,-20.809044,0.020809045,0.14393672,61.170067,1.0,-61.170067,1.0,0.5068832,407.9046,318.01184,94.23491,2.0072255,0.03400845,3.4493973,0.60285854,0.017981634,712.1447,11.388298,443.51184,432.12354,0.00405600790977478,2184.597450017929,250000
1.0204273,-20.427322,0.020427322,0.10758216,149.75427,1.0,-149.75427,1.0,0.42522174,1124.5449,-1545.5475,6594.871,267.47153,605.7029,247.99611,7.746007,0.05107514,2.4161565,0.8399132,0.010627973,698.036,-0.75048465,302.37332,303.1238,1.0204957,-20.495625,0.020495625,0.11408712,163.57458,1.0,-163.57458,1.0,0.41046983,251.07767,607.9729,267.54352,5.7703633,0.052528504,2.6327262,0.8303288,0.015503127,698.034,-1.7649814,285.97937,287.74435,0.00395269775390625,2204.360944747925,255000
1.0204618,-20.46183,0.020461831,0.110868834,139.71811,1.0,-139.71811,1.0,0.38158348,1279.0066,-1054.9839,4621.5493,275.66162,541.70337,237.68082,5.5981154,0.03868802,2.2260578,0.78994846,0.016279565,703.86914,7.962155,310.85507,302.8929,1.0204769,-20.47699,0.02047699,0.1123125,148.19427,1.0,-148.19427,1.0,0.38189113,268.1411,560.2361,245.83917,3.9720974,0.04724733,2.46316,0.7927948,0.0062231203,703.8527,1.9374737,303.33374,301.39627,0.003814677619934082,2223.4343383312225,260000
1.020372,-20.372051,0.020372054,0.102318496,155.17053,1.0,-155.17053,1.0,0.43121117,673.77893,-1011.95404,4399.301,259.8497,681.3387,257.71414,2.2475445,0.043882456,2.2724602,0.83088654,0.012458108,686.7429,4.201181,294.18683,289.98566,1.0204715,-20.471416,0.020471416,0.111781575,161.26466,1.0,-161.26466,1.0,0.42090374,251.82959,712.1359,268.79102,2.7806196,0.052423373,2.4729161,0.84343594,0.01194323,686.703,-1.6641369,286.16476,287.8289,0.0043766531467437746,2245.3176095485687,265000
1.0204375,-20.437473,0.020437475,0.108548924,163.3385,1.0,-163.3385,1.0,0.42594504,1901.1024,-1399.8921,6663.6123,252.68195,694.4238,267.28067,4.473694,0.05918069,2.4412553,0.8653107,0.011294913,685.43695,-6.2927847,286.9538,293.24658,1.0204602,-20.460209,0.02046021,0.110714234,168.46657,1.0,-168.46657,1.0,0.45043743,241.4577,715.9364,282.29663,2.932566,0.06925003,2.8918462,0.8567794,0.011535274,685.44867,-13.194908,275.73013,288.92505,0.003848642063140869,2264.5608258247375,270000
1.0203886,-20.38866,0.020388663,0.1039001,122.17514,1.0,-122.17514,1.0,0.38463116,979.56,-1030.504,3864.6934,318.7426,493.5731,188.55817,2.5647662,0.03232477,2.0793324,0.7482579,0.013499961,710.9694,12.566549,354.2911,341.72455,1.020466,-20.466007,0.02046601,0.11126667,124.23715,1.0,-124.23715,1.0,0.4022684,317.28168,463.75415,189.74426,1.9914652,0.039921515,3.328039,0.7723743,0.011054683,710.9562,7.165362,352.8295,345.66412,0.004189952564239502,2285.5105946063995,275000
1.0203902,-20.39015,0.02039015,0.10404196,157.2602,1.0,-157.2602,1.0,0.41079766,1976.755,-1179.6171,6838.11,265.8758,678.9217,251.20581,2.9721901,0.04613106,2.6525347,0.81692106,0.008493211,686.053,2.6542985,300.17844,297.52414,1.0204625,-20.462624,0.020462625,0.11094416,153.64716,0.99999994,-153.64716,1.0,0.41469914,247.33566,648.0302,273.7149,3.6026182,0.06828998,4.4893785,0.8346369,0.0074156127,686.04083,-12.547673,281.6377,294.18536,0.003922751331329345,2305.1243579387665,280000
1.0203964,-20.396372,0.020396372,0.10463448,172.418,1.0,-172.418,1.0,0.44405705,2217.0637,-2323.0847,7917.7246,247.06975,727.0569,274.19806,3.0295873,0.05103056,2.588043,0.82875663,0.010619984,685.21765,-0.7061583,281.33066,282.0368,1.0204561,-20.456041,0.020456042,0.11031725,164.81198,1.0,-164.81198,1.0,0.44479167,250.67374,690.6928,271.2035,1.2661135,0.0458536,2.3233962,0.8291514,0.016805433,685.2147,2.8411748,284.93448,282.0933,0.004439764785766602,2327.3231868743896,285000
1.020429,-20.42905,0.02042905,0.10774675,161.9191,1.0,-161.9191,1.0,0.42925155,1919.0361,-2193.6663,7149.962,251.10336,688.83105,269.12433,2.8400447,0.051587686,2.9118893,0.8301203,0.022353973,687.61975,-1.0917237,285.48434,286.57608,1.0204282,-20.428204,0.020428203,0.10766604,167.63054,1.0,-167.63054,1.0,0.4361052,239.39006,720.7065,286.71786,4.3307643,0.060128048,3.3525174,0.83487767,0.015611545,687.607,-6.964116,273.77042,280.73453,0.003810351228713989,2346.3749480247498,290000
1.0205429,-20.542852,0.020542853,0.11858504,92.212296,1.0,-92.212296,1.0,0.43077898,541.8589,-408.76437,2100.7717,358.51187,472.7041,145.63031,2.960444,0.023546165,2.1996899,0.6659187,0.01994316,713.73267,18.880966,394.1985,375.31754,1.0206031,-20.603073,0.020603076,0.12432055,93.626915,1.0,-93.626915,1.0,0.43545684,360.92426,410.37857,143.07741,1.3402106,0.029446755,3.2268841,0.65194017,0.021766545,713.71704,14.669202,396.6101,381.94092,0.0044161264896392825,2368.455585718155,295000
1.0203884,-20.38833,0.020388331,0.10386861,163.26389,1.0,-163.26389,1.0,0.43406624,1382.2646,-702.90826,4489.95,255.61426,679.33044,264.30997,2.65177,0.044106953,2.0791519,0.81975263,0.015548665,686.0922,4.0431743,289.91888,285.8757,1.020439,-20.439064,0.020439066,0.108700596,160.89005,0.99999994,-160.89005,1.0,0.48610014,251.65881,661.2504,269.2215,3.9971552,0.06252149,2.9419386,0.86096776,0.01959033,686.0886,-8.59085,285.96326,294.5541,0.003963245391845703,2388.2718176841736,300000
1.0204386,-20.438557,0.020438556,0.10865218,159.85495,1.0,-159.85495,1.0,0.41754574,1411.0366,-1373.6304,6048.183,257.25522,663.0841,261.04895,3.9392114,0.043522343,2.4167213,0.8020603,0.022556966,690.85864,4.475146,291.79816,287.323,1.0204479,-20.447826,0.020447828,0.10953486,164.018,1.0,-164.018,1.0,0.43868262,245.09203,659.2906,276.71625,2.3615644,0.06814514,3.8783157,0.84158564,0.012989025,690.84485,-12.535477,279.63428,292.16974,0.07935184292793274,2785.0310373306274,305000
1.0204443,-20.444286,0.020444289,0.10919785,155.46347,1.0,-155.46347,1.0,0.43646437,1376.4188,-1807.882,6776.445,251.05037,688.4282,270.01642,3.1175501,0.049504075,2.2982018,0.84661525,0.016082736,683.7691,0.33909857,285.23883,284.89972,1.0204042,-20.40421,0.02040421,0.10538092,169.34746,1.0,-169.34746,1.0,0.43565822,238.79242,718.61206,286.46948,4.6216187,0.053926837,3.0469317,0.8483443,0.009826645,683.7626,-2.6850235,272.98056,275.6656,0.0038073401927948,2804.06774353981,310000
1.0203907,-20.390732,0.020390732,0.104097344,157.21133,1.0,-157.21133,1.0,0.4188081,816.30023,-1022.6218,4120.224,248.68182,718.1064,273.94354,2.3910613,0.0438044,2.5770009,0.82735825,0.013145438,683.50604,4.2347307,282.85715,278.6224,1.0204548,-20.45476,0.02045476,0.110195346,169.31659,1.0,-169.31659,1.0,0.4373511,240.66626,723.3803,282.96332,1.5586376,0.05850094,2.510399,0.8723186,0.017551882,683.4728,-5.810162,274.8399,280.65005,0.0040077558517456055,2824.106528043747,315000
1.0204328,-20.43288,0.02043288,0.10811144,162.33601,0.99999994,-162.33601,1.0,0.42177287,507.61276,-1181.9818,4122.5635,256.237,712.4937,262.96304,5.492536,0.04596127,2.3815403,0.831951,0.010086055,692.0393,2.7949617,290.83896,288.044,1.0204531,-20.453114,0.020453114,0.11003851,174.39143,1.0,-174.39143,1.0,0.4200158,243.63464,715.03516,279.4749,4.0725536,0.044599183,2.347201,0.84600925,0.016937243,692.0443,3.7376053,278.23688,274.49927,0.0038062541484832763,2843.1378037929535,320000
1.0203838,-20.383865,0.020383868,0.103443556,163.95068,1.0,-163.95068,1.0,0.44872093,1801.807,-1284.6453,5632.848,250.43086,708.7897,270.652,4.408914,0.048630446,2.5389822,0.8528707,0.018806929,684.69635,0.937729,284.6657,283.72797,1.0204688,-20.468824,0.020468824,0.11153474,167.99568,1.0,-167.99568,1.0,0.43573803,244.64882,702.81854,279.31537,3.6628685,0.06358336,3.1152422,0.8591346,0.009696958,684.6902,-9.300392,278.88333,288.18372,0.0038080170154571533,2862.177894115448,325000
1.0204589,-20.458931,0.020458933,0.11059267,161.10617,1.0,-161.10617,1.0,0.44478095,873.0214,-1016.8765,4304.132,245.29367,720.9103,276.2535,4.007924,0.041066345,2.1181102,0.8355673,0.01819229,684.25085,6.1128616,279.5062,273.39334,1.0204816,-20.481579,0.020481579,0.112749465,162.18997,1.0,-162.18997,1.0,0.47427967,250.6154,748.09235,272.29507,2.3996904,0.0656603,3.1391635,0.84192574,0.0063018794,684.20355,-10.714831,284.82556,295.5404,0.003880282640457153,2881.579312324524,330000
1.0203627,-20.362677,0.020362677,0.1014256,146.3366,1.0,-146.3366,1.0,0.42522037,1463.9696,-1610.9017,5870.365,269.24747,595.7936,244.98598,7.430507,0.04883536,2.6910574,0.8216565,0.014785765,704.86633,0.8209164,304.49078,303.66986,1.0203834,-20.38339,0.020383392,0.10339828,155.24106,0.99999994,-155.24106,1.0,0.4077717,266.21014,584.1461,248.6524,1.0393828,0.04202726,2.3505428,0.7993399,0.005582809,704.8297,5.619424,301.45163,295.8322,0.003808109188079834,2900.619863510132,335000
1.0204436,-20.443605,0.020443605,0.109133,140.73785,1.0,-140.73785,1.0,0.38880205,589.0288,-907.9578,3096.9966,286.93365,627.29425,224.07803,3.2122123,0.04015597,2.1096456,0.78322256,0.016910551,703.10364,6.9213743,322.08884,315.16745,1.0204278,-20.427765,0.020427765,0.10762436,139.51053,1.0,-139.51053,1.0,0.38941273,283.80548,510.35,227.43282,4.105907,0.04662325,2.5797727,0.78360283,0.01196289,703.0855,2.3741455,318.95975,316.5856,0.0038312477588653563,2919.7761075496674,340000
1.0204235,-20.423481,0.020423483,0.107216544,124.43196,1.0,-124.43196,1.0,0.38510895,555.7484,-332.50397,2219.5884,308.2052,524.7614,200.18231,1.0014256,0.033559967,2.3841474,0.74242765,0.0056457515,711.64905,11.699534,343.78766,332.08813,1.0204426,-20.442572,0.020442571,0.10903445,125.96956,1.0,-125.96956,1.0,0.41171378,306.28052,504.5612,202.29037,4.22442,0.03467089,2.2487543,0.7528166,0.013168334,711.59174,10.908069,341.8601,330.95203,0.0038089586734771728,2938.820906162262,345000
1.020431,-20.431026,0.020431029,0.10793512,162.677,1.0,-162.677,1.0,0.4681925,2125.132,-2131.9033,9634.78,240.30325,778.1777,283.05252,4.542822,0.053332195,2.7181146,0.83790815,0.016052244,684.9073,-2.282244,274.5486,276.83087,1.0204874,-20.487413,0.020487415,0.11330523,166.03766,1.0,-166.03766,1.0,0.46998417,246.15637,711.3904,276.76773,5.415136,0.059975684,3.0588157,0.8458584,0.009135901,684.9099,-6.832444,280.40186,287.2343,0.0038066620826721193,2957.8542227745056,350000
1.020415,-20.414948,0.02041495,0.10640383,116.98779,1.0,-116.98779,1.0,0.3879131,334.16083,-342.9571,1874.3783,324.74606,511.4743,181.71748,0.5137439,0.024811655,2.0843163,0.685676,0.007930756,711.29224,17.916275,360.31067,342.3944,1.0204381,-20.438133,0.020438135,0.10861188,111.87418,0.99999994,-111.87418,1.0,0.39200443,331.51392,487.27667,174.46437,3.7623863,0.02947909,2.9352322,0.7102643,0.009883881,711.25287,14.595556,367.07657,352.48102,0.0038067004203796388,2976.8877301216125,355000
1.0204173,-20.417358,0.02041736,0.10663333,158.5045,1.0,-158.5045,1.0,0.4520641,1423.5328,-1805.888,5911.144,250.617,702.995,269.69385,8.522371,0.056799594,2.7181034,0.87364626,0.020445809,681.6856,-4.6351852,284.7013,289.3365,1.0205153,-20.515366,0.020515367,0.11596744,164.11871,1.0,-164.11871,1.0,0.44380152,246.80823,721.7269,275.12726,4.6029778,0.05440726,2.6600666,0.84616697,0.011854172,681.66766,-3.004287,280.89163,283.8959,0.003806421422958374,2995.9198422431946,360000
1.0204253,-20.425299,0.0204253,0.10738952,162.58617,1.0,-162.58617,1.0,0.43494427,1872.9513,-1655.3585,7551.8804,253.08601,737.8082,269.13712,1.4308424,0.05028222,2.2330647,0.8457035,0.027355194,690.5869,-0.19489782,287.61536,287.81024,1.0204504,-20.450329,0.020450331,0.10977354,158.1462,1.0,-158.1462,1.0,0.45953536,241.81894,741.2915,282.03326,4.676262,0.061587095,2.5647278,0.8623178,0.010093689,690.5695,-8.001695,276.3474,284.34912,0.004064180374145508,3016.2407491207123,365000
1.0203958,-20.395767,0.020395767,0.104576975,159.54532,1.0,-159.54532,1.0,0.42915162,777.87494,-1043.39,4148.6445,251.45734,647.6747,267.97305,2.5326023,0.04287667,2.1812534,0.8251029,0.014406204,692.6554,4.934015,286.09012,281.1561,1.020428,-20.427898,0.020427901,0.10763721,160.97542,1.0,-160.97542,1.0,0.4412038,243.72304,676.06934,278.43893,3.3601427,0.065720916,3.026001,0.852893,0.014419556,692.6428,-10.888979,278.3552,289.24417,0.0038056137561798095,3035.26882314682,370000
1.0204258,-20.425783,0.020425783,0.10743567,169.17032,1.0,-169.17032,1.0,0.45489058,643.64813,-1031.6582,4237.8413,247.17215,760.9255,273.3073,3.8029757,0.051816836,2.716343,0.8431801,0.01833582,687.34503,-1.2487926,281.53943,282.7882,1.0204507,-20.450655,0.020450655,0.10980436,164.27666,1.0,-164.27666,1.0,0.47470534,244.91943,698.68036,276.35422,9.387884,0.061423056,3.334671,0.8595283,0.00983429,687.34607,-7.851592,279.28674,287.13834,0.0038067716598510744,3054.302686691284,375000
1.0204166,-20.416607,0.020416608,0.106561765,157.90608,1.0,-157.90608,1.0,0.43927544,1188.9354,-797.9686,4911.088,260.56064,709.4503,257.82422,5.368622,0.049687162,2.0437698,0.85058326,0.017074585,697.366,0.21816309,295.42896,295.2108,1.0204631,-20.46305,0.020463051,0.1109848,156.73491,1.0,-156.73491,1.0,0.43310928,249.91017,676.90576,271.31372,3.8562832,0.05036835,2.5241623,0.8356019,0.012065887,697.3647,-0.25687376,284.7784,285.03528,0.0038079392910003664,3073.3423883914948,380000
1.0203837,-20.383743,0.020383745,0.103431955,165.00386,1.0,-165.00386,1.0,0.44033504,962.9798,-841.25446,5798.1646,265.6474,706.5928,253.53772,4.674402,0.050101265,2.1689606,0.8579092,0.034029007,686.6823,-0.06953659,299.9815,300.05106,1.0204486,-20.44852,0.02044852,0.10960104,169.92172,1.0,-169.92172,1.0,0.46160528,244.66412,715.031,278.34286,12.700743,0.056826986,2.9625626,0.85284704,0.023067474,686.6319,-4.687626,278.99573,283.68335,0.0038088812828063964,3092.38680100441,385000
1.0204351,-20.435125,0.020435128,0.108325414,157.69385,1.0,-157.69385,1.0,0.43828124,818.7609,-952.2762,3867.054,254.71555,709.0207,265.14905,3.6565652,0.045954227,2.7499828,0.8203622,0.02108574,685.22974,2.7722843,288.97702,286.20474,1.020489,-20.489029,0.02048903,0.113458954,165.14133,1.0,-165.14133,1.0,0.44993728,244.9642,718.3278,278.55658,7.2425222,0.051855065,2.6308613,0.8558619,0.0061950684,685.20166,-1.271093,279.2243,280.4954,0.003807201862335205,3111.4228167533875,390000
1.020417,-20.416943,0.020416941,0.106593534,161.08185,1.0,-161.08185,1.0,0.46595788,1060.538,-2078.6628,6649.2153,260.67905,797.9638,257.47336,3.868431,0.07239379,5.9493303,0.84843487,0.02532959,685.2386,-15.345088,294.94098,310.28607,1.0204716,-20.471575,0.020471575,0.11179676,166.15143,1.0,-166.15143,1.0,0.47467917,250.99779,744.27454,271.43323,6.5195847,0.058681577,2.429432,0.86330783,0.008621216,685.3784,-5.9501653,285.2667,291.21686,0.003806738328933716,3130.456513404846,395000
1.0203954,-20.395424,0.020395424,0.10454416,157.87468,1.0,-157.87468,1.0,0.47082645,1761.8962,-1177.5275,6357.523,249.30435,786.5198,272.67816,6.59118,0.056217782,2.7094975,0.8509586,0.016025543,684.20746,-4.2542524,283.51474,287.76898,1.0204805,-20.4805,0.020480499,0.1126467,169.16034,1.0,-169.16034,1.0,0.46896207,242.76518,716.1709,280.90472,4.3644943,0.060196448,3.0058517,0.8525713,0.011544228,684.23096,-6.976725,276.97675,283.95346,0.003806752157211304,3149.4902794361115,400000
1.0203998,-20.3998,0.020399798,0.10496087,162.25253,1.0,-162.25253,1.0,0.44432938,1633.3579,-1152.4698,5788.39,254.47856,689.5196,264.96185,6.86042,0.047173817,2.6184483,0.8567686,0.02956009,688.0606,1.9445859,288.8816,286.937,1.0204577,-20.457718,0.02045772,0.11047712,170.09967,1.0,-170.09967,1.0,0.44771796,242.70712,683.6362,279.6792,0.74590874,0.05986007,2.9467697,0.86655784,0.019195557,688.058,-6.784299,277.11002,283.89432,0.0775651665687561,3537.3161177635193,405000
1.0203881,-20.388134,0.020388134,0.10384999,161.67776,1.0,-161.67776,1.0,0.44533157,765.60846,-847.99445,4256.3784,246.07388,764.8173,276.2136,6.145191,0.045285832,2.220684,0.85259587,0.0037107468,685.9473,3.2336714,280.37125,277.13757,1.0204186,-20.418657,0.020418659,0.10675694,164.6683,1.0,-164.6683,1.0,0.4729042,244.54929,712.69916,279.0924,2.47569,0.06260869,3.2073097,0.85045356,0.022148132,685.9424,-8.648833,278.8464,287.49524,0.003930082845687867,3556.9665372371674,410000
1.0204004,-20.40038,0.020400379,0.10501623,166.08516,1.0,-166.08516,1.0,0.47742534,1368.1654,-1052.6936,5685.225,243.37727,892.1399,279.15833,0.15639496,0.046783254,2.5214324,0.8283611,0.019104004,690.94696,2.2226017,277.92462,275.70203,1.0204507,-20.4507,0.0204507,0.10980865,164.44264,1.0,-164.44264,1.0,0.46867207,248.26273,684.3163,273.98892,3.4560766,0.05452493,2.5070782,0.8580378,0.013940096,690.9519,-3.1265073,282.81033,285.93683,0.003809256410598755,3576.0128242969513,415000
1.0204248,-20.424858,0.020424861,0.10734764,153.49524,1.0,-153.49524,1.0,0.46541998,545.2485,-881.66327,3742.7397,249.33699,898.8308,272.37717,6.159279,0.049583524,2.1310644,0.8517611,0.024519563,682.1961,0.2841185,283.4468,283.1627,1.0204146,-20.41463,0.020414632,0.10637361,176.45218,1.0,-176.45218,1.0,0.462906,246.66827,729.7799,277.0558,0.8886261,0.05348704,2.6684017,0.8530418,0.00937593,682.2033,-2.3788698,280.77844,283.15732,0.003808070373535156,3595.05318236351,420000
1.0203984,-20.398394,0.020398395,0.104827166,159.99318,1.0,-159.99318,1.0,0.48228285,2808.7585,-1880.6329,7646.2476,241.44415,951.3131,282.68234,6.247278,0.05452373,2.310864,0.85028833,0.013977051,684.59485,-3.096921,275.6739,278.7708,1.0204402,-20.440184,0.020440184,0.10880709,173.68573,1.0,-173.68573,1.0,0.505725,238.6397,723.3397,284.8769,5.2457275,0.06838286,3.319992,0.8597546,0.0115356445,684.6993,-12.58673,272.87466,285.4614,0.004043547248840332,3615.270924091339,425000
1.0204362,-20.436188,0.02043619,0.10842671,163.92401,0.99999994,-163.92401,1.0,0.46986622,1173.3892,-1197.217,4342.444,252.95514,880.31604,267.31427,3.6169472,0.04678622,2.3557205,0.85030925,0.01581961,684.0235,2.1983023,287.1563,284.958,1.0205036,-20.503685,0.020503687,0.11485488,169.90765,0.99999994,-169.90765,1.0,0.4814385,238.29726,736.7815,286.17883,2.6002884,0.051485077,2.4074538,0.86090803,0.022266388,683.99677,-1.015787,272.4971,273.51288,0.003808738946914673,3634.314624071121,430000
1.0203661,-20.366108,0.02036611,0.10175237,157.09079,1.0,-157.09079,1.0,0.44409811,2076.4226,-1868.2261,5816.485,253.6865,836.3873,267.1669,5.906212,0.054755714,2.728283,0.856726,0.023162842,686.90015,-3.2667,288.03152,291.29822,1.0204027,-20.402632,0.020402633,0.10523076,172.31335,1.0,-172.31335,1.0,0.48095465,245.98254,705.0563,278.2518,1.1380167,0.052221533,2.4569283,0.85528195,0.020730972,686.9011,-1.525973,280.3276,281.85358,0.0038079280376434326,3653.3542704582214,435000
1.0204026,-20.402573,0.020402571,0.105225,159.93893,1.0,-159.93893,1.0,0.44024298,782.42065,-937.2335,4138.8896,245.98985,752.8436,274.37424,4.674326,0.04740832,2.4049902,0.85883856,0.019695282,685.9444,1.7777488,280.28708,278.50934,1.020454,-20.454088,0.02045409,0.110131405,170.03137,1.0,-170.03137,1.0,0.47496253,242.1737,728.15344,281.7507,3.0253754,0.061165147,2.6555252,0.86069584,0.024719238,685.96954,-7.65895,276.4722,284.13113,0.0038128973007202148,3672.4187619686127,440000
1.0203727,-20.372759,0.02037276,0.10238574,158.99016,1.0,-158.99016,1.0,0.46695262,1095.6616,-1230.9026,5478.187,259.0512,821.7446,260.84268,2.4492388,0.053702608,2.3465867,0.8475487,0.0025615692,688.4577,-2.5490882,293.4741,296.0232,1.0204043,-20.40436,0.020404361,0.10539538,170.81512,1.0,-170.81512,1.0,0.46003187,248.83424,706.96814,273.68213,4.295841,0.07654248,5.249767,0.8468365,0.022447586,688.4685,-18.273663,283.2577,301.53134,0.003809812831878662,3691.4678308963776,445000
1.020392,-20.391933,0.020391937,0.10421206,163.57018,1.0,-163.57018,1.0,0.44523156,1209.7504,-1325.3574,6205.1616,242.10953,962.4097,281.14667,8.202463,0.051507287,2.6714401,0.84726894,0.023628235,693.06537,-1.0446477,276.7628,277.80743,1.0204574,-20.457401,0.020457402,0.11044678,161.82545,1.0,-161.82545,1.0,0.44649667,240.32663,714.1587,283.78992,1.7084455,0.055883206,3.0663586,0.84911525,0.023376465,693.05115,-4.0773625,274.9792,279.05655,0.0038991791248321533,3710.963732481003,450000
1.0204225,-20.422485,0.020422488,0.10712172,166.66693,0.99999994,-166.66693,1.0,0.45741737,1453.8315,-1268.3964,5487.5317,243.65976,826.1382,279.40002,4.840578,0.055198938,2.8392944,0.8474208,0.015464783,680.3989,-3.5373511,277.6797,281.21704,1.0204166,-20.416561,0.020416562,0.10655741,169.1333,1.0,-169.1333,1.0,0.49326432,243.14456,720.54395,280.07928,4.4429245,0.055702314,3.4014244,0.8574753,0.022819519,680.43524,-3.8800547,277.16632,281.0464,0.0038081214904785157,3730.0043449401855,455000
1.020427,-20.427078,0.020427078,0.107559025,163.95421,0.99999994,-163.95421,1.0,0.45821416,967.6456,-700.2412,3978.8909,245.13745,895.88367,279.16183,6.813431,0.04565589,2.2069168,0.8555527,0.014984131,682.6276,2.965409,279.26886,276.30344,1.020434,-20.434034,0.020434035,0.10822151,167.69426,1.0,-167.69426,1.0,0.50161815,235.8595,715.5138,289.4016,1.4964333,0.05227788,2.4116383,0.86211735,0.02423811,682.6227,-1.5549332,269.99063,271.54556,0.00394472451210022,3749.727974176407,460000
1.0204272,-20.427227,0.020427227,0.107573055,169.26921,1.0,-169.26921,1.0,0.4584578,744.85675,-1016.44934,3962.6548,240.76569,777.58844,283.5932,5.4582596,0.050189957,3.1425266,0.8474948,0.013025284,678.46545,-0.12887877,274.68896,274.81784,1.0204295,-20.429482,0.020429485,0.10778795,168.43182,1.0,-168.43182,1.0,0.47203624,242.79456,749.6897,281.54788,7.0228176,0.06411941,3.69903,0.8708679,0.015078545,678.48096,-9.579753,276.7186,286.29834,0.0038667620182037355,3769.061789751053,465000
1.0204209,-20.420948,0.020420948,0.10697512,166.20477,1.0,-166.20477,1.0,0.43719417,1015.4489,-441.83057,3132.742,251.93051,750.2147,267.07764,5.2987213,0.04173021,2.0334868,0.84142613,0.0124053955,695.86914,5.754692,286.72397,280.96927,1.0204351,-20.435177,0.020435175,0.1083301,163.99643,0.99999994,-163.99643,1.0,0.45298016,250.83597,707.5869,270.21362,3.8443108,0.05388237,2.5658417,0.843537,0.017104149,695.73615,-2.7011058,285.62277,288.32388,0.004324642753601074,3790.6850097179413,470000
1.0204421,-20.442125,0.020442126,0.1089921,158.9926,1.0,-158.9926,1.0,0.45995802,1121.1729,-1358.8274,5337.5938,254.35294,880.7589,266.91168,2.7517736,0.046553195,2.321453,0.8554554,0.028629303,681.2083,2.3479931,288.41336,286.06537,1.0204461,-20.446102,0.020446103,0.10937087,168.70982,0.99999994,-168.70982,1.0,0.505504,249.43253,710.86127,273.18585,1.7250824,0.062937215,4.1797333,0.8688196,0.025066376,681.218,-8.813064,283.49344,292.3065,0.0039398348808288575,3810.384188890457,475000
1.0204397,-20.439705,0.020439707,0.10876154,164.03914,1.0,-164.03914,1.0,0.46667042,792.7815,-802.7618,4217.817,245.83592,892.9327,276.0271,9.698686,0.044917583,2.2855515,0.85536397,0.012962341,681.2911,3.4626055,279.90048,276.43787,1.0204768,-20.476831,0.020476831,0.11229736,171.89888,0.99999994,-171.89888,1.0,0.49857068,241.66019,731.8633,282.9627,2.0121584,0.06725536,4.5946445,0.87458736,0.010982513,681.3245,-11.756501,275.7264,287.4829,0.003940545892715454,3830.086923599243,480000
1.0204185,-20.418549,0.020418547,0.10674638,165.65674,1.0,-165.65674,1.0,0.4264183,1683.8567,-1603.0599,6084.4395,245.94298,924.47217,276.31537,5.324356,0.04616016,2.4505482,0.8417928,0.019260406,686.22046,2.6349761,280.254,277.61902,1.0204282,-20.42821,0.020428212,0.10766673,168.98631,1.0,-168.98631,1.0,0.4783166,251.38177,680.7748,270.23743,4.614334,0.04667926,2.2623787,0.8431194,0.014033973,686.2123,2.2787342,285.6924,283.41367,0.004094858026504516,3850.5612201690674,485000
1.0203532,-20.353153,0.020353153,0.10051864,161.57344,1.0,-161.57344,1.0,0.4649011,759.7559,-1401.1625,4664.655,244.15121,978.68567,280.82468,7.4456406,0.048772834,2.3352928,0.8542545,0.023260117,679.0513,0.833309,278.1038,277.27048,1.02042,-20.420002,0.020420004,0.10688504,179.61722,1.0,-179.61722,1.0,0.460828,243.98865,734.6256,280.11633,5.708542,0.06398982,2.8128853,0.86021936,0.021166801,678.96545,-9.498603,277.93692,287.43552,0.0038355441093444824,3869.7389459609985,490000
1.0203742,-20.374191,0.02037419,0.102521986,160.83536,1.0,-160.83536,1.0,0.45840722,484.8176,-945.96967,3720.3743,253.09201,941.72107,267.8845,3.2431183,0.046519443,2.136938,0.85402054,0.028971195,690.0514,2.4017634,287.59457,285.1928,1.0204431,-20.443123,0.020443123,0.10908701,162.93167,0.99999994,-162.93167,1.0,0.46135595,239.7897,702.8471,283.0869,5.2801514,0.058562305,3.5630817,0.8573723,0.03100586,690.0379,-5.908314,274.2916,280.19992,0.00426126856803894,3891.0452950000763,495000
1.0204228,-20.422817,0.020422816,0.10715298,158.06451,1.0,-158.06451,1.0,0.45426136,715.8575,-980.2969,4717.3286,246.46716,784.5061,275.9566,11.332344,0.051104672,2.43433,0.83674824,0.014076233,679.1513,-0.7502391,280.4247,281.17496,1.0204297,-20.429806,0.020429805,0.10781865,168.39854,0.99999994,-168.39854,1.0,0.46336174,246.13428,736.2167,277.51126,5.3161554,0.058098,2.5652466,0.86217755,0.020259857,679.16754,-5.499898,280.09265,285.59256,0.0039023268699645997,3910.5569348335266,500000
1.0203764,-20.376411,0.020376414,0.102733634,163.3895,1.0,-163.3895,1.0,0.48041153,947.6594,-1612.6996,6246.4707,241.70847,902.07666,282.04565,1.55334,0.055898875,2.9065056,0.85670435,0.014017105,678.19214,-4.0005703,275.61807,279.61865,1.0204071,-20.407066,0.020407066,0.10565302,178.23615,1.0,-178.23615,1.0,0.4785168,242.53336,737.2322,281.03308,3.2354708,0.057513263,3.5266705,0.853607,0.006498337,678.27295,-5.0960426,276.447,281.54303,0.08119497556686402,4316.531819820404,505000
1.0203927,-20.392605,0.020392604,0.104275696,162.55188,1.0,-162.55188,1.0,0.4529691,619.0078,-807.67065,3683.7378,253.75253,844.5508,266.42365,9.716957,0.042779848,2.3593159,0.8474827,0.019545555,690.9901,4.989054,288.30203,283.313,1.0203867,-20.386742,0.02038674,0.10371735,163.22612,1.0,-163.22612,1.0,0.45555887,241.59576,700.4412,282.6512,3.8219204,0.04244068,2.295639,0.8271768,0.01309967,690.9829,5.223362,276.1449,270.92154,0.003919329118728638,4336.128477811813,510000
1.0204277,-20.427738,0.020427737,0.10762183,169.48315,1.0,-169.48315,1.0,0.47903797,818.97217,-1174.0286,4524.8735,247.22076,855.2759,275.75397,7.9528694,0.05331342,2.607048,0.87120783,0.025997162,679.77826,-2.25239,281.2097,283.46207,1.0204599,-20.4599,0.020459902,0.11068499,169.75238,0.99999994,-169.75238,1.0,0.4856351,243.78787,760.4415,279.24512,4.9334106,0.06250508,3.4089394,0.8650606,0.0124435425,679.7585,-8.500435,277.77582,286.27625,0.0038048202514648437,4355.152584314346,515000
1.0203801,-20.3801,0.0203801,0.10308482,164.36508,1.0,-164.36508,1.0,0.47119468,1832.0996,-1672.7831,7048.381,252.8183,936.1617,270.25797,4.036148,0.053433634,2.3078156,0.8625006,0.023430347,678.73206,-2.3305173,286.7549,289.08542,1.0204655,-20.465513,0.020465516,0.11121943,167.52231,1.0,-167.52231,1.0,0.4691875,242.72699,736.94476,281.7215,3.0588398,0.060999382,3.356309,0.8674625,0.019554138,678.76733,-7.466021,276.66534,284.13138,0.0040687927722930905,4375.496553182602,520000
1.020414,-20.413998,0.020413999,0.10631331,162.92136,1.0,-162.92136,1.0,0.47920674,1503.6582,-1270.873,6403.204,248.24017,795.5973,273.6429,0.10971975,0.049876414,2.5585346,0.8397312,0.021820068,685.6484,0.08473688,282.5226,282.43787,1.0204285,-20.428589,0.02042859,0.10770282,167.78345,1.0,-167.78345,1.0,0.4806952,243.98982,701.7445,279.37933,8.6146345,0.062108103,3.2145042,0.8557229,0.021575928,685.6513,-8.301936,278.2724,286.57434,0.003848208808898926,4394.737603187561,525000
1.020419,-20.418993,0.020418994,0.106788956,172.02641,1.0,-172.02641,1.0,0.48041207,1127.054,-1563.7166,5692.189,239.65051,923.3873,284.8479,6.367178,0.048565324,2.7970963,0.85571504,0.012628555,677.3441,0.9717696,273.51773,272.54596,1.020456,-20.455997,0.020456,0.11031319,173.43716,1.0,-173.43716,1.0,0.49768066,239.08456,729.4731,286.10562,13.4936,0.06458981,3.1111622,0.88525146,0.014558792,677.4068,-9.883238,272.9549,282.83813,0.0039290647506713865,4414.382933616638,530000
1.0203837,-20.38367,0.020383673,0.103424996,161.60501,1.0,-161.60501,1.0,0.46690387,1451.9321,-772.1068,5881.302,250.41249,848.93616,271.2472,1.8618034,0.044323146,2.3561192,0.8326067,0.011379242,677.6294,3.8468034,284.29395,280.44714,1.020452,-20.452015,0.020452015,0.10993387,166.63284,1.0,-166.63284,1.0,0.4993959,244.47925,725.60913,278.7188,10.156933,0.065875664,3.7672005,0.8610182,0.017601013,677.63196,-10.757857,278.36087,289.1187,0.003907421016693115,4433.920044183731,535000
1.0204008,-20.400818,0.020400818,0.10505802,167.49896,1.0,-167.49896,1.0,0.4596517,781.52637,-1135.4471,4791.0117,238.76341,958.0693,287.31854,10.322973,0.04998085,2.391756,0.8493277,0.0063552856,676.50616,0.012956255,272.58875,272.57578,1.0204508,-20.450834,0.020450834,0.109821364,168.68585,0.99999994,-168.68585,1.0,0.48617738,239.5456,736.7212,284.83282,4.0148454,0.08491006,3.317297,0.8950529,0.017684937,676.5423,-23.61813,273.3727,296.99084,0.0038079068183898925,4452.959584951401,540000
1.0203818,-20.381788,0.02038179,0.103245646,172.44766,1.0,-172.44766,1.0,0.48196182,2118.1572,-1867.7462,6890.897,252.45132,943.13385,270.5349,11.374245,0.05339471,2.5584488,0.8576673,0.029851913,678.12225,-2.302027,286.35742,288.65945,1.0204436,-20.443573,0.020443574,0.10912994,174.72897,1.0,-174.72897,1.0,0.48709792,239.44678,702.57434,286.4304,1.716217,0.08302879,5.031045,0.87561536,0.016830444,678.1307,-22.397837,273.35333,295.75116,0.003807738780975342,4471.998284101486,545000
1.020361,-20.360992,0.020360991,0.101264976,162.3292,0.99999994,-162.3292,1.0,0.49457246,520.25195,-572.4113,2956.5503,246.61578,873.3028,276.12048,2.8400116,0.048557118,2.8712864,0.8565222,0.022329569,681.3119,0.98305345,280.6814,279.69833,1.0204356,-20.435541,0.020435542,0.10836504,170.88033,1.0,-170.88033,1.0,0.47048292,241.62346,758.53815,283.56042,0.12437248,0.04444531,2.330288,0.8339754,0.025970459,681.2989,3.7844048,275.6884,271.904,0.0038323020935058594,4491.159799814224,550000
1.0204134,-20.413422,0.020413421,0.10625821,161.08603,1.0,-161.08603,1.0,0.4291128,699.1373,-1607.1606,3285.4077,252.38547,868.225,268.15137,2.6562462,0.044783607,2.0955238,0.8441615,0.03135872,699.8091,3.6504796,287.37592,283.72543,1.0204647,-20.464638,0.02046464,0.11113603,165.0638,1.0,-165.0638,1.0,0.46862683,252.44379,674.9807,267.59808,2.2816248,0.056551527,2.4940834,0.8478569,0.018702984,699.796,-4.584732,287.4336,292.0183,0.0038088661670684816,4510.204135656357,555000
1.0204182,-20.418253,0.020418253,0.106718406,169.01942,0.99999994,-169.01942,1.0,0.44785655,1004.07526,-1501.28,5359.3237,246.53873,1019.1485,276.70404,6.857666,0.049451698,2.3927746,0.87533426,0.028541565,679.5702,0.37261045,280.51724,280.14462,1.020436,-20.436024,0.020436026,0.108411044,173.31624,1.0,-173.31624,1.0,0.4669663,243.90436,717.2615,280.0608,4.067238,0.060056858,2.3612175,0.8616226,0.021457672,679.5653,-6.834291,277.88263,284.71692,0.004073741769790649,4530.572850227356,560000
1.0204002,-20.400238,0.02040024,0.10500281,161.91443,0.99999994,-161.91443,1.0,0.44707564,1835.8125,-1719.7202,6734.835,248.52269,796.7404,273.31482,1.3533058,0.05103778,2.4410744,0.8511068,0.018997192,689.6685,-0.71572435,283.0061,283.72183,1.0204494,-20.449375,0.020449376,0.109682426,166.50604,1.0,-166.50604,1.0,0.484403,240.1525,704.1529,283.95563,1.593317,0.07120085,3.401123,0.8594164,0.010986328,689.65137,-14.621193,274.63507,289.25626,0.0038060091495513916,4549.602900981903,565000
1.0203687,-20.368723,0.020368725,0.1020014,162.05849,0.99999994,-162.05849,1.0,0.44173646,1560.5256,-1056.613,4264.6904,251.30496,729.0248,269.62457,3.349718,0.046777993,2.6365929,0.8433001,0.030958176,696.5305,2.2442265,286.1315,283.88727,1.0204291,-20.429134,0.020429134,0.10775473,167.01584,1.0,-167.01584,1.0,0.47219196,247.0486,713.1347,275.45056,7.1030064,0.058258194,2.305851,0.88186216,0.01766038,696.5142,-5.7519493,281.8743,287.62625,0.0038067450046539307,4568.636631011963,570000
1.0204214,-20.421425,0.020421427,0.107020564,160.14124,1.0,-160.14124,1.0,0.44329903,836.47473,-1291.9807,3526.685,254.0177,854.7474,265.3267,1.7367325,0.040332742,3.1391373,0.81233305,0.020381927,704.4789,6.8103795,289.24167,282.43127,1.020448,-20.448006,0.020448007,0.109551996,167.49443,1.0,-167.49443,1.0,0.4341408,250.86516,637.5897,267.4336,2.5085068,0.049586423,2.538128,0.83058023,0.022171974,704.44965,0.29134488,286.08765,285.7963,0.003809959077835083,4587.686433553696,575000
1.02035,-20.350025,0.020350028,0.10022066,170.51892,0.99999994,-170.51892,1.0,0.48316932,998.30347,-1124.1542,4890.0005,240.85953,913.7076,283.53357,8.935606,0.053494047,2.7392197,0.8755299,0.035224915,675.56714,-2.3604631,274.63788,276.99835,1.0204353,-20.435364,0.020435363,0.108348034,175.78656,1.0,-175.78656,1.0,0.48300496,234.90779,751.02295,290.40646,1.1720009,0.05507964,2.4121094,0.88277984,0.019145966,675.58484,-3.4317265,268.68704,272.11877,0.0038073330402374267,4606.723104000092,580000
1.0203989,-20.3989,0.020398898,0.10487513,170.92609,0.99999994,-170.92609,1.0,0.45822313,1024.3396,-689.426,3895.83,253.83133,937.88855,267.18164,8.060883,0.049489353,2.6839714,0.858554,0.023810387,677.0564,0.34573743,287.68414,287.3384,1.0204262,-20.42619,0.02042619,0.10747426,172.65997,1.0,-172.65997,1.0,0.48010468,236.84955,748.669,287.96558,2.249115,0.06390433,2.6589088,0.8786322,0.008752823,677.049,-9.413913,270.702,280.1159,0.0040040197372436526,4626.743208885193,585000
1.0203612,-20.361126,0.020361127,0.101277895,165.5769,1.0,-165.5769,1.0,0.46207446,1570.6589,-822.5886,5364.7793,242.34494,974.0212,283.3982,3.186297,0.054078713,2.310007,0.8672146,0.0143966675,676.451,-2.759049,276.16748,278.92654,1.0204657,-20.465775,0.020465774,0.11124429,163.62654,1.0,-163.62654,1.0,0.50573266,245.73907,695.3235,276.72424,7.875084,0.06333395,2.6561894,0.8724232,0.01573944,676.51196,-9.0205765,279.5647,288.58527,0.003867277908325195,4646.079603433609,590000
1.0203918,-20.39183,0.020391831,0.1042021,162.56604,0.99999994,-162.56604,1.0,0.48977938,1288.8651,-1710.8115,6144.454,239.58524,976.6293,285.2525,1.6431093,0.056598797,2.9038582,0.8526397,0.01399231,677.4029,-4.470044,273.45538,277.9254,1.0204711,-20.471115,0.020471115,0.11175292,180.83958,1.0,-180.83958,1.0,0.4856568,240.9445,743.0673,284.05798,8.948774,0.06492329,2.5351048,0.8728521,0.019866943,677.36053,-10.108445,274.8125,284.92096,0.003807462930679321,4665.116923093796,595000
1.0204031,-20.403164,0.020403165,0.105281495,171.90108,1.0,-171.90108,1.0,0.49312067,505.81396,-644.6814,3440.3323,247.73329,930.111,276.701,9.278446,0.040959843,2.354374,0.85765696,0.021688461,678.15753,6.1306515,281.64117,275.51053,1.0204442,-20.444128,0.020444129,0.10918274,167.19896,1.0,-167.19896,1.0,0.48667207,242.09656,723.55096,282.10645,2.5662045,0.05126489,2.5016785,0.86365926,0.0144786835,678.09674,-0.857717,276.00137,276.8591,0.0038088758468627928,4684.161308288574,600000
1.0204492,-20.44912,0.02044912,0.10965813,170.2523,1.0,-170.2523,1.0,0.47498274,1418.5657,-1336.5066,6452.8906,244.07527,885.2189,280.85278,2.1346283,0.049834907,2.8660192,0.8762673,0.018486023,679.1792,0.1121282,278.03424,277.92212,1.0204332,-20.433243,0.020433243,0.10814614,168.54645,1.0,-168.54645,1.0,0.50791156,240.10732,742.83655,286.1499,9.545169,0.058621306,2.3628273,0.8626249,0.012192249,679.16425,-5.8552823,274.06552,279.9208,0.07661351809501649,5067.228905200958,605000
1.0203648,-20.364847,0.020364847,0.10163221,168.66925,0.99999994,-168.66925,1.0,0.49985537,2001.5098,-2591.6562,7696.2373,240.4671,954.2033,284.9184,8.181644,0.05440224,2.3363457,0.87625104,0.036766052,674.7407,-2.9703698,274.20413,277.1745,1.020428,-20.427887,0.020427888,0.10763597,172.25137,1.0,-172.25137,1.0,0.5105181,242.48793,728.79553,281.90253,1.8642159,0.07128935,2.411007,0.88535637,0.010889053,674.71594,-14.364265,276.22372,290.58798,0.0038087321281433106,5086.272570848465,610000
1.0204103,-20.41031,0.02041031,0.10596204,166.10802,1.0,-166.10802,1.0,0.48329008,1869.6276,-1258.0349,6711.668,236.77051,977.2303,288.8567,2.745308,0.050115112,2.2905884,0.84557474,0.014465332,678.0977,-0.07805683,270.67538,270.75345,1.0204571,-20.457108,0.020457108,0.11041892,174.64926,1.0,-174.64926,1.0,0.5234565,229.11784,736.59265,298.3538,9.740849,0.07985856,4.1958504,0.89509094,0.017089844,678.1624,-20.248951,263.02594,283.2749,0.003807436466217041,5105.30975818634,615000
1.0203962,-20.396217,0.020396218,0.10461991,158.83041,1.0,-158.83041,1.0,0.46054268,545.6237,-536.04565,2963.366,241.09775,973.77576,284.588,7.6636696,0.048857696,2.5973282,0.8333483,0.030044079,676.88464,0.7732083,274.94196,274.16876,1.020446,-20.44591,0.020445911,0.10935252,173.46387,1.0,-173.46387,1.0,0.4811985,235.00415,766.7267,292.13858,7.478977,0.056591373,3.7063313,0.85617805,0.013963699,676.89886,-4.4616923,268.8491,273.3108,0.0038091748237609863,5124.355638027191,620000
1.020406,-20.406052,0.020406052,0.105556525,161.67683,0.99999994,-161.67683,1.0,0.49054438,2965.6946,-1695.4674,9703.245,250.08525,959.7832,273.41077,2.278736,0.04992085,2.9187393,0.86547554,0.0110569,678.40106,0.053696286,284.0053,283.9516,1.0204245,-20.424437,0.020424437,0.10730738,173.59001,1.0,-173.59001,1.0,0.4942362,240.9385,748.3698,282.74744,2.9038286,0.057507385,3.1255713,0.86898625,0.015380859,678.35223,-5.0926504,274.8561,279.94876,0.003807861518859863,5143.394950628281,625000
1.0204195,-20.419426,0.020419426,0.106830075,170.03598,1.0,-170.03598,1.0,0.46901652,667.8739,-865.6059,3359.684,246.31976,869.02783,276.7938,3.7247467,0.048842445,2.2739449,0.86286134,0.022720337,674.5477,0.78082657,280.04715,279.26633,1.0204098,-20.409859,0.02040986,0.105919115,169.66309,1.0,-169.66309,1.0,0.49957663,246.63919,747.20154,277.44696,0.3292694,0.06997206,3.8150787,0.8960599,0.020938873,674.4329,-13.469814,280.36084,293.83066,0.003808444261550903,5162.437178611755,630000
1.0204179,-20.417896,0.020417897,0.10668453,165.27562,1.0,-165.27562,1.0,0.47853,438.8756,-843.5555,3063.5562,240.50906,999.3414,284.6746,5.5817337,0.04417744,2.0519352,0.84971213,0.0071516037,678.9677,3.9533315,274.45746,270.50412,1.0204076,-20.407574,0.020407576,0.10570146,171.77905,1.0,-171.77905,1.0,0.46411785,229.01022,753.35254,298.0912,6.769925,0.059398945,2.668209,0.8788161,0.025249481,678.9622,-6.3815284,262.95834,269.33987,0.0038089683532714844,5181.4820256233215,635000
1.0203449,-20.344824,0.020344824,0.09972522,165.79512,1.0,-165.79512,1.0,0.48008734,1236.9843,-1065.6224,4485.478,248.98611,1002.29236,275.2493,4.729904,0.056058556,2.4371185,0.8750442,0.0143175125,677.4229,-4.104204,282.85724,286.96146,1.0204914,-20.491318,0.020491317,0.11367685,167.51129,1.0,-167.51129,1.0,0.4910118,236.40533,737.588,289.2104,11.942106,0.062053733,3.0689926,0.8798708,0.025531769,677.37933,-8.164948,270.2743,278.43924,0.0038108659744262694,5200.5363619327545,640000
1.020364,-20.363989,0.02036399,0.101550445,148.44118,1.0,-148.44118,1.0,0.4123808,452.37836,-711.3447,3139.1826,274.91568,777.17505,239.36313,1.435955,0.03525555,2.0403137,0.79437655,0.015953064,700.7246,10.331799,309.9519,299.62012,1.0204172,-20.417156,0.020417158,0.10661402,152.81543,1.0,-152.81543,1.0,0.42911237,264.57812,620.6497,250.40947,1.700531,0.05109771,3.1874504,0.79443216,0.008087158,700.71655,-0.7691828,299.61395,300.38315,0.0038075079441070555,5219.5739068984985,645000
1.0203564,-20.356407,0.020356407,0.100828335,164.66472,1.0,-164.66472,1.0,0.4544073,541.15875,-1063.6244,3260.197,241.53209,1003.7405,283.0243,6.343483,0.049623325,2.2592125,0.87277365,0.023532867,677.49207,0.25519451,275.40668,275.1515,1.0204567,-20.456696,0.020456698,0.110379815,166.85109,1.0,-166.85109,1.0,0.5053929,231.48593,735.82947,295.9936,4.263481,0.05836036,3.2161827,0.8704475,0.031355858,677.5017,-5.664158,265.36102,271.02518,0.003807466697692871,5238.611246585846,650000
1.0204161,-20.416187,0.020416189,0.1065218,167.83383,0.99999994,-167.83383,1.0,0.48380455,1267.2974,-981.52893,5267.8003,246.8587,1032.1062,277.97772,2.5239408,0.057864703,3.0784836,0.87048805,0.028030396,674.57697,-5.305347,280.58752,285.89288,1.0204426,-20.442598,0.0204426,0.10903711,176.40967,1.0,-176.40967,1.0,0.51056296,245.0669,724.62854,279.31448,8.951612,0.095003866,5.9742994,0.9006201,0.028938293,674.5966,-30.359455,278.79672,309.1562,0.003806823492050171,5257.6453692913055,655000
1.0203803,-20.380318,0.020380318,0.10310565,164.04462,1.0,-164.04462,1.0,0.47469676,1565.5568,-1136.5103,4578.8633,241.06262,1021.40375,285.1095,8.481619,0.043205425,2.2913494,0.83939385,0.029716492,680.1066,4.621036,275.06796,270.44693,1.0204537,-20.45366,0.02045366,0.11009042,171.15485,1.0,-171.15485,1.0,0.50722003,237.9967,728.8176,287.56525,8.3428955,0.116611496,9.100021,0.870468,0.022542953,680.08685,-45.301605,272.00104,317.30264,0.0038058552742004396,5276.674651145935,660000
1.0203326,-20.33258,0.020332582,0.098559245,169.92857,0.99999994,-169.92857,1.0,0.47811922,1246.0646,-1508.0864,6261.895,244.09753,994.3696,279.2397,6.3140945,0.055093247,2.3469048,0.8713943,0.009613037,677.3712,-3.4500186,277.9661,281.4161,1.0204072,-20.407177,0.020407178,0.10566369,171.76744,1.0,-171.76744,1.0,0.4931775,235.3266,718.77136,289.79034,2.4555054,0.0557926,2.6426315,0.8670396,0.02143097,677.37933,-3.9237869,269.19556,273.11935,0.003809108877182007,5295.720201730728,665000
1.0203629,-20.362865,0.020362867,0.10144359,168.97772,1.0,-168.97772,1.0,0.49892524,818.9239,-567.3326,3386.9033,244.64046,858.4149,278.93024,1.0860634,0.047130473,2.3235092,0.8566514,0.009461403,680.9303,1.9539484,278.68698,276.73303,1.0204207,-20.420689,0.02042069,0.106950425,176.54504,1.0,-176.54504,1.0,0.5056036,243.64246,728.7252,280.4408,4.646721,0.05484452,2.6909637,0.8597279,0.026018143,680.91693,-3.2987158,277.68832,280.98703,0.0038120280265808108,5314.780347108841,670000
1.0203959,-20.395882,0.020395884,0.10458799,162.4823,0.99999994,-162.4823,1.0,0.48997816,1310.5619,-940.3479,5248.446,246.50113,970.4404,277.52917,1.000885,0.04761169,2.381752,0.8525307,0.023692608,678.05115,1.6193961,280.4037,278.7843,1.0204101,-20.41007,0.020410072,0.10593929,174.5004,1.0,-174.5004,1.0,0.5309638,235.4112,726.3815,290.96838,6.5998745,0.056203596,2.385685,0.8739266,0.023443222,678.04956,-4.206345,269.31366,273.52002,0.00380779767036438,5333.819342851639,675000
1.0203782,-20.378244,0.020378245,0.10290811,163.33908,1.0,-163.33908,1.0,0.5036681,1627.8291,-1346.1161,5761.218,246.9111,937.87024,275.83878,1.7958298,0.060826384,2.900566,0.8745003,0.017116547,674.9357,-7.3071127,280.6579,287.965,1.0204234,-20.423359,0.02042336,0.10720482,169.50064,1.0,-169.50064,1.0,0.50313854,247.91635,748.6682,276.824,3.521162,0.065904245,3.043789,0.8801294,0.010027885,674.9847,-10.735121,281.6656,292.4007,0.003807028532028198,5352.85449051857,680000
1.0203828,-20.38272,0.020382721,0.10333427,166.6401,1.0,-166.6401,1.0,0.5106437,1652.5865,-2808.2375,8673.422,251.30167,871.45605,270.8995,2.5602245,0.06475677,2.5789642,0.8891478,0.031934977,676.6672,-9.985424,285.13504,295.12045,1.0204391,-20.439148,0.02043915,0.10870845,168.3099,1.0,-168.3099,1.0,0.5283046,237.41563,730.86896,288.27213,5.0045285,0.057690524,3.295166,0.8659643,0.02777958,676.68427,-5.204056,271.24988,276.45392,0.003811128091812134,5371.910135984421,685000
1.0203544,-20.354496,0.020354494,0.100646205,164.99167,0.99999994,-164.99167,1.0,0.4654638,1751.0509,-1279.6017,5913.565,253.48962,952.6867,266.8199,3.6385918,0.05339219,3.3202057,0.88033366,0.012489319,694.39185,-2.3555088,288.20923,290.56473,1.0204244,-20.424408,0.020424409,0.1073047,167.01707,1.0,-167.01707,1.0,0.49303514,238.48972,692.7501,283.67096,6.4472957,0.06334959,2.6813927,0.88370275,0.0054779053,694.3896,-9.269815,273.2092,282.479,0.0038070680141448973,5390.945481777191,690000
1.0203667,-20.366678,0.02036668,0.10180661,168.39221,1.0,-168.39221,1.0,0.46534246,1513.5171,-667.3663,5134.7354,243.83505,1023.31067,282.08893,4.5869904,0.05455758,2.427456,0.87470365,0.011287212,677.30597,-3.086876,277.70035,280.78723,1.0204626,-20.462597,0.020462599,0.110941716,171.19373,1.0,-171.19373,1.0,0.5231545,234.11505,720.69666,291.13556,2.8434699,0.06777094,2.9026947,0.89225173,0.02558899,677.3399,-12.036968,267.98206,280.019,0.0038097633838653565,5409.994303703308,695000
1.0203637,-20.363708,0.02036371,0.10152379,165.57794,1.0,-165.57794,1.0,0.48983884,600.5519,-873.2091,3181.5007,243.61237,885.7513,281.00458,6.285932,0.04362978,2.5656548,0.8529837,0.022020578,675.1994,4.301169,277.37234,273.07117,1.0204365,-20.436546,0.020436548,0.108460814,170.09915,1.0,-170.09915,1.0,0.5135296,240.16656,739.18506,283.45728,6.2798576,0.05831927,2.4476128,0.8895324,0.011959076,675.15137,-5.6167665,273.92413,279.5409,0.0038076289176940917,5429.0324540138245,700000
1.0203397,-20.339687,0.020339688,0.099236056,166.15631,1.0,-166.15631,1.0,0.5158429,521.29535,-534.4316,3302.2397,243.51501,965.3782,280.73163,11.549683,0.057230346,2.4034958,0.8774975,0.01903987,674.5902,-4.87752,277.2445,282.12204,1.0204319,-20.431868,0.020431869,0.1080152,182.42822,1.0,-182.42822,1.0,0.5209838,234.4753,757.01086,292.18582,4.589943,0.056651227,2.4076214,0.873487,0.013978958,674.6458,-4.487222,268.2076,272.69482,0.07737062640190125,5815.885592222214,705000
1.020409,-20.408964,0.020408966,0.10583391,161.9878,1.0,-161.9878,1.0,0.4728114,1443.3967,-927.39777,5225.913,233.09975,1029.4512,293.49536,7.285328,0.056635045,3.0233645,0.85788876,0.03097248,676.3726,-4.487762,266.91837,271.40613,1.0204564,-20.45641,0.020456411,0.11035238,175.7614,1.0,-175.7614,1.0,0.5175366,233.50516,749.5329,291.8974,1.1560807,0.082621366,4.280443,0.90270174,0.03378296,676.3607,-22.06381,267.32318,289.387,0.003805470561981201,5834.9129502773285,710000
1.0203629,-20.3629,0.020362902,0.10144688,170.37125,1.0,-170.37125,1.0,0.4788356,1036.755,-2543.0725,6650.636,249.92206,1047.0211,273.64603,12.834484,0.04665288,2.456997,0.8654395,0.029813647,691.174,2.3134432,284.48077,282.16733,1.020426,-20.425985,0.020425985,0.107454896,168.81384,1.0,-168.81384,1.0,0.47034085,241.95352,691.5012,280.63147,2.6901903,0.052751906,2.5025425,0.8675741,0.025582314,691.1588,-1.9020038,276.51144,278.41345,0.0038077215194702147,5853.951563119888,715000
1.0203522,-20.352236,0.020352235,0.100431055,165.77846,1.0,-165.77846,1.0,0.49838716,1093.824,-792.6362,4519.993,246.49536,900.71936,276.40558,10.543185,0.050261512,2.581562,0.8821643,0.039402008,678.7842,-0.17750998,280.43457,280.6121,1.020422,-20.421986,0.020421986,0.10707397,167.82729,1.0,-167.82729,1.0,0.50739557,237.52046,782.73755,288.99097,3.9936733,0.057035916,3.527748,0.8649168,0.021152496,678.74084,-4.775563,271.4575,276.23306,0.003806388807296753,5872.983512639999,720000
1.0203844,-20.384466,0.020384466,0.103500664,167.9203,0.99999994,-167.9203,1.0,0.46419287,622.3741,-613.43,2371.7922,245.37723,1030.1943,278.989,3.4319687,0.042028267,2.106516,0.86893225,0.02761364,676.22205,5.390662,279.18832,273.79767,1.0204221,-20.422134,0.020422135,0.10708802,173.31538,1.0,-173.31538,1.0,0.50618374,240.4511,733.80206,284.15857,4.1947403,0.061015673,2.5696754,0.8920861,0.025886536,676.1211,-7.4479284,274.25714,281.70508,0.0038071127891540525,5892.019082069397,725000
1.0203139,-20.313843,0.020313844,0.09677472,166.17068,1.0,-166.17068,1.0,0.50934136,917.2084,-1182.0812,4375.035,245.7959,916.4529,278.56036,6.5446124,0.04259392,2.397521,0.8557087,0.025935173,678.9645,5.0284667,279.74414,274.71567,1.0203927,-20.392672,0.020392671,0.10428214,169.54736,1.0,-169.54736,1.0,0.5139804,235.43477,748.3134,290.6309,7.02379,0.065811396,2.8237305,0.8758608,0.01924324,678.98975,-10.735775,269.38425,280.12003,0.003806686019897461,5911.052517175674,730000
1.020363,-20.362942,0.020362943,0.10145081,165.0555,1.0,-165.0555,1.0,0.49943396,537.58057,-888.77246,2766.6765,246.3526,967.17554,276.79498,5.7023525,0.04664947,2.4658585,0.8770768,0.029937744,673.29315,2.2558887,280.01727,277.76138,1.020424,-20.423973,0.020423975,0.10726321,170.77124,1.0,-170.77124,1.0,0.4808266,241.36734,787.67566,283.3246,4.3654613,0.0567007,2.566824,0.8727796,0.012702942,673.2716,-4.5113897,275.0309,279.5423,0.003806400156021118,5930.084523439407,735000
1.0204331,-20.433094,0.020433094,0.10813182,163.68188,0.99999994,-163.68188,1.0,0.5080937,1241.153,-1111.7334,5029.089,241.77524,1040.1693,282.4978,9.174185,0.052545026,2.902584,0.8720299,0.01876831,676.57196,-1.7218927,275.60385,277.32574,1.0204357,-20.43571,0.02043571,0.108381,168.58957,1.0,-168.58957,1.0,0.50425446,243.36847,756.40497,280.9439,5.868704,0.06492172,3.2916756,0.88190824,0.026397705,676.6633,-10.096981,277.20163,287.2986,0.003805993890762329,5949.114498376846,740000
1.0204111,-20.411106,0.020411106,0.106037684,174.06085,1.0,-174.06085,1.0,0.49539387,1326.5386,-870.40625,4739.132,245.51425,876.63684,277.8549,8.791164,0.054346617,2.5028973,0.8945281,0.033672333,675.2007,-2.9348385,279.2743,282.20914,1.0204388,-20.438768,0.020438768,0.10867225,174.53693,1.0,-174.53693,1.0,0.5377345,239.0303,734.3046,285.39835,11.157696,0.06912335,2.8179703,0.8985643,0.01965332,675.2129,-12.912332,272.79095,285.70328,0.0038079081535339356,5968.154044389725,745000
1.0203654,-20.36538,0.02036538,0.10168292,170.09705,1.0,-170.09705,1.0,0.48492256,1498.0844,-1054.2275,5674.8755,240.15443,1049.8478,285.1892,4.0901794,0.048461832,3.2288132,0.85982656,0.027820587,673.1599,1.0354334,273.81244,272.777,1.0203915,-20.391474,0.020391475,0.10416811,172.30202,1.0,-172.30202,1.0,0.5218374,236.22107,737.4666,289.69977,2.2366676,0.06903261,2.6961765,0.8871472,0.018478394,673.14386,-12.811684,269.87827,282.68994,0.0038075488090515137,5987.191793680191,750000
1.0203577,-20.357716,0.020357717,0.10095301,166.70401,1.0,-166.70401,1.0,0.4844607,618.4099,-986.711,4146.931,245.60251,897.2324,277.60953,9.260738,0.055360846,3.1178503,0.8833766,0.03516388,675.5333,-3.6214297,279.37918,283.0006,1.020425,-20.424969,0.02042497,0.10735807,175.5427,1.0,-175.5427,1.0,0.5107968,239.08989,727.56836,286.85815,14.34127,0.06976513,5.265009,0.86632997,0.009513855,675.541,-13.352155,272.86694,286.2191,0.0038059329986572265,6006.221463680267,755000
1.0203804,-20.380415,0.020380415,0.1031148,165.01816,1.0,-165.01816,1.0,0.5126726,2053.5535,-1145.4469,6538.077,243.47586,962.72687,281.21558,2.9162073,0.054210678,2.4440308,0.8793429,0.019546509,674.94763,-2.8419864,277.22324,280.06522,1.0204401,-20.440086,0.020440089,0.108797915,174.49411,1.0,-174.49411,1.0,0.50786066,234.73631,714.5494,290.57892,3.021924,0.051748052,2.2858047,0.8712927,0.03041172,674.95184,-1.1798506,268.48392,269.66376,0.003806138277053833,6025.252160549164,760000
1.0203731,-20.373154,0.020373154,0.10242341,171.34293,1.0,-171.34293,1.0,0.51228875,853.7912,-835.2639,3893.2705,240.75935,931.566,284.28424,4.867321,0.040520906,2.0479126,0.85178137,0.017417908,674.85974,6.397059,274.50235,268.1053,1.0204234,-20.42342,0.02042342,0.10721046,168.55344,1.0,-168.55344,1.0,0.52757776,232.05606,747.5248,294.70355,4.4075947,0.058370747,2.7649612,0.8659125,0.027339935,674.8375,-5.6488934,265.79794,271.44684,0.003805402326583862,6044.279182195663,765000
1.0203582,-20.358257,0.02035826,0.10100477,159.21664,1.0,-159.21664,1.0,0.48234805,566.66785,-584.6692,3071.603,238.72882,1059.5381,287.2865,4.3281612,0.051671155,2.6000519,0.8690475,0.016723633,677.7334,-1.132597,272.61548,273.74808,1.0203921,-20.392094,0.020392096,0.104227066,174.61882,1.0,-174.61882,1.0,0.50662273,236.71806,735.6911,289.4987,5.448754,0.06035333,3.1562147,0.8684046,0.0065307617,677.7137,-7.016594,270.60373,277.62033,0.0038041459560394287,6063.299918889999,770000
1.0203863,-20.386314,0.020386316,0.10367673,168.55022,1.0,-168.55022,1.0,0.51213384,1107.1648,-1054.2974,4806.337,240.49796,984.93665,285.3208,4.286383,0.048666634,2.2100792,0.86189556,0.009685516,675.3861,0.9005376,274.26727,273.36673,1.0203983,-20.398252,0.020398252,0.10481366,172.35114,1.0,-172.35114,1.0,0.53208804,242.15408,712.3801,281.8354,4.9359055,0.07405618,2.8670921,0.90159774,0.018920898,675.3929,-16.247372,275.92374,292.1711,0.0038095479488372804,6082.3476638793945,775000
1.0203851,-20.385199,0.0203852,0.103570566,162.87477,1.0,-162.87477,1.0,0.49646723,949.1571,-547.27515,3842.6064,242.6307,998.75134,279.8943,1.4853392,0.046460003,2.617199,0.85668916,0.023742676,676.1421,2.3935418,276.43784,274.04428,1.0204048,-20.404833,0.020404834,0.10544039,175.4014,1.0,-175.4014,1.0,0.5233658,234.12634,752.09656,292.251,9.3997555,0.061031252,2.4125175,0.8937156,0.026762962,676.1414,-7.458686,267.9334,275.3921,0.0038065449714660645,6101.380394220352,780000
1.020341,-20.341024,0.020341024,0.099363275,158.71362,1.0,-158.71362,1.0,0.4987916,1277.9493,-2080.3691,6662.563,246.85379,1033.1671,277.71906,2.0822735,0.05268527,2.569147,0.86930543,0.012646437,676.9767,-1.8178635,280.7026,282.52048,1.0204009,-20.400898,0.020400897,0.10506539,172.79517,1.0,-172.79517,1.0,0.52668107,236.888,700.60724,288.22748,4.2826033,0.07312676,2.7968063,0.89918995,0.023895264,676.9644,-15.655995,270.7362,286.3922,0.00380681676864624,6120.414483785629,785000
1.0203478,-20.347893,0.020347893,0.100017495,161.50403,1.0,-161.50403,1.0,0.5093491,1263.6364,-860.2053,4631.89,242.79053,895.40027,281.321,5.4784737,0.050794587,2.202221,0.8726949,0.0151901245,671.51874,-0.53357923,276.3665,276.90005,1.0204114,-20.411379,0.020411381,0.10606389,165.93103,1.0,-165.93103,1.0,0.5101656,240.5175,758.6603,284.8803,3.573166,0.06449787,3.8115005,0.88294494,0.02243805,671.5271,-9.735714,274.09384,283.82956,0.0038060049057006837,6139.44451379776,790000
1.0204047,-20.40471,0.020404711,0.10542876,165.25635,1.0,-165.25635,1.0,0.4974543,1464.1632,-1141.6599,3989.6301,238.70895,979.5664,287.0386,7.786812,0.05067528,2.3067951,0.8805853,0.025028229,676.41455,-0.456769,272.5297,272.98645,1.0204424,-20.442394,0.020442396,0.10901767,173.2883,0.99999994,-173.2883,1.0,0.52424455,238.46681,735.5718,287.6576,0.5658569,0.075626895,2.9795723,0.9085315,0.022550106,676.3739,-17.333363,272.2855,289.61887,0.0038064762115478518,6158.476901054382,795000
1.0204076,-20.407534,0.020407535,0.10569761,162.09683,1.0,-162.09683,1.0,0.5016382,1780.1096,-1056.2097,5591.888,239.28662,1045.7346,286.58154,7.0505295,0.053795345,2.6456451,0.8719727,0.015548706,676.6888,-2.5682669,273.12106,275.68933,1.0204644,-20.464424,0.020464424,0.11111564,181.49446,1.0,-181.49446,1.0,0.53277886,240.23418,731.04346,284.27316,0.46982765,0.096676044,5.9068146,0.8895817,0.0132751465,676.7908,-31.589916,274.07373,305.66364,0.0038051942825317385,6177.50287771225,800000
1.0203713,-20.371273,0.020371277,0.10224433,171.80836,1.0,-171.80836,1.0,0.5051625,972.47845,-2086.02,5313.609,236.35799,936.2792,291.1322,6.189556,0.050652776,2.5962982,0.86294276,0.022010803,674.1564,-0.44007254,270.06583,270.5059,1.0204129,-20.412945,0.020412946,0.106213026,173.18152,1.0,-173.18152,1.0,0.52038926,236.25504,712.6457,287.77856,5.154742,0.059511557,2.9464302,0.88178486,0.011392593,674.1615,-6.4123254,269.9631,276.37543,0.07717027020454406,6563.354234933853,805000
1.0203539,-20.353897,0.020353898,0.10058934,169.64319,1.0,-169.64319,1.0,0.4993521,957.93,-870.24194,4085.8242,248.39423,1032.0056,274.93585,0.8229561,0.048324775,2.1953278,0.878386,0.024776459,672.63464,1.126815,282.02594,280.89914,1.02045,-20.45002,0.020450022,0.10974407,175.85541,1.0,-175.85541,1.0,0.5100858,230.82889,789.78284,296.50476,6.419937,0.059978362,2.74329,0.89476144,0.018932223,672.55865,-6.7110333,264.45682,271.16785,0.0038094062328338624,6582.40127325058,810000
1.0203865,-20.386406,0.020386409,0.10368549,163.28482,1.0,-163.28482,1.0,0.507396,1465.6335,-871.8443,4762.7915,245.37206,745.64734,276.22125,1.8917999,0.045918435,2.1384273,0.8876181,0.035274506,675.66925,2.7577887,279.15552,276.39774,1.0204011,-20.401093,0.020401094,0.10508417,169.27985,1.0,-169.27985,1.0,0.5241408,244.09985,722.308,279.57166,1.6227428,0.06269576,2.6792374,0.89716744,0.039402008,675.6754,-8.57821,277.8836,286.46182,0.003808398723602295,6601.4432718753815,815000
1.0203668,-20.366789,0.02036679,0.10181711,164.06897,1.0,-164.06897,1.0,0.50288165,1357.8971,-1766.959,5029.5083,243.81161,1074.3148,279.24902,7.703331,0.052061085,2.495926,0.8833593,0.02267456,675.8913,-1.3930687,277.60617,278.99924,1.020479,-20.478989,0.02047899,0.112502895,179.1412,1.0,-179.1412,1.0,0.51402104,239.00975,733.4185,285.54712,1.6698532,0.057483282,2.7138233,0.87563515,0.027115107,675.8188,-5.057342,272.8007,277.85803,0.0038082525730133055,6620.484541416168,820000
1.0204161,-20.416096,0.020416096,0.10651302,168.23523,1.0,-168.23523,1.0,0.5014732,594.59283,-915.60297,3115.224,242.09567,933.0902,282.08582,4.052105,0.04777667,2.1730003,0.875617,0.036071777,673.3063,1.496983,275.761,274.264,1.0204558,-20.455795,0.020455796,0.11029393,174.73364,1.0,-174.73364,1.0,0.5136101,234.53027,692.5011,290.7684,12.819668,0.056036964,2.3310928,0.87761533,0.01789087,673.2254,-4.064237,268.19153,272.25577,0.0038087689876556397,6639.528391838074,825000
1.0203335,-20.33347,0.020333469,0.098643824,161.54932,1.0,-161.54932,1.0,0.48432204,1274.0813,-804.22864,3838.4155,240.52803,1059.9385,284.6502,10.153458,0.048099354,2.359167,0.8640766,0.008228302,673.1795,1.2794765,274.187,272.90753,1.0203655,-20.365416,0.020365417,0.101686366,176.44525,1.0,-176.44525,1.0,0.51357466,229.22208,738.636,299.08444,0.53947526,0.061755423,2.7727904,0.89753044,0.037330627,673.1564,-7.913237,262.87988,270.79312,0.0038073437690734862,6658.56511592865,830000
1.020427,-20.427006,0.020427005,0.10755196,174.74284,1.0,-174.74284,1.0,0.49287015,1159.0311,-798.40906,3634.8755,235.0325,1070.6904,290.4728,7.3145733,0.04484363,2.8888178,0.8637427,0.027526855,674.8839,3.4799523,268.7767,265.29675,1.0204641,-20.464016,0.020464018,0.11107685,174.39682,1.0,-174.39682,1.0,0.5378404,233.52026,730.77625,293.23505,7.444195,0.0663041,3.8775473,0.88209796,0.023326874,674.87585,-11.003244,267.26407,278.2673,0.0038093282222747805,6677.611763477325,835000
1.0204033,-20.40324,0.020403242,0.10528872,168.23737,1.0,-168.23737,1.0,0.49950004,897.2171,-945.6555,4149.248,244.54248,993.39124,281.48163,11.390045,0.05331319,2.394557,0.8620379,0.017570496,672.5946,-2.228432,278.1722,280.40063,1.0203887,-20.388702,0.020388702,0.10390399,175.62234,1.0,-175.62234,1.0,0.5294272,234.32397,697.2194,289.7555,9.022481,0.06313588,2.4057312,0.9052761,0.017427921,672.5843,-8.834984,267.9532,276.78818,0.003806833219528198,6696.645934581757,840000
1.0203701,-20.370129,0.020370128,0.10213505,171.00203,1.0,-171.00203,1.0,0.49921253,874.3719,-1427.5701,4167.7544,242.24359,1011.0725,282.8047,2.6558208,0.05202291,2.0642166,0.8772336,0.015426159,673.7852,-1.3630074,275.93286,277.29587,1.0204437,-20.44368,0.020443682,0.10914013,173.48601,1.0,-173.48601,1.0,0.5227302,236.62854,749.0503,290.13696,3.2805977,0.049824886,2.2177124,0.8703789,0.0053977966,673.74084,0.11798194,270.31558,270.1976,0.003809073829650879,6715.691309213638,845000
1.0204101,-20.410007,0.020410007,0.1059331,175.18102,1.0,-175.18102,1.0,0.49965444,465.55466,-531.7824,2356.1174,240.25119,1049.0616,285.5611,1.01297,0.0537861,2.417511,0.89021707,0.02164936,673.8835,-2.551389,273.94537,276.49677,1.0204171,-20.417149,0.02041715,0.10661339,181.55923,1.0,-181.55923,1.0,0.5330275,238.9072,755.8976,286.2156,6.3437386,0.06795187,2.78273,0.8992478,0.022735596,673.9063,-12.09788,272.6025,284.70038,0.0038076447010040285,6734.729537963867,850000
1.0204318,-20.431704,0.020431705,0.10799953,174.43756,1.0,-174.43756,1.0,0.48072755,948.4648,-803.30347,4217.5137,238.31728,918.3672,285.42493,7.2701836,0.047062367,2.4843903,0.86946225,0.019856453,670.7894,1.9705335,271.85675,269.88623,1.0204419,-20.441872,0.020441871,0.1089679,179.05481,1.0,-179.05481,1.0,0.5169786,234.46867,756.9234,292.33435,6.758464,0.071574375,2.9601955,0.90754765,0.028648376,670.7747,-14.471545,268.0074,282.47894,0.003807329034805298,6753.766190767288,855000
1.0203367,-20.336744,0.020336745,0.09895574,167.13863,1.0,-167.13863,1.0,0.5155917,1038.3816,-478.57922,3066.9878,245.6105,1050.7098,279.8338,6.0558853,0.047306612,2.3449402,0.87629104,0.03614235,677.1152,1.8237343,279.46625,277.64252,1.0203989,-20.398808,0.02039881,0.104866624,172.92542,1.0,-172.92542,1.0,0.51548076,232.4574,756.9531,293.8181,1.6212158,0.06733124,3.4929123,0.87434864,0.023860931,677.08093,-11.734652,266.31143,278.04608,0.0038074870109558105,6772.803630828857,860000
1.0203699,-20.369873,0.020369874,0.102110974,173.47585,1.0,-173.47585,1.0,0.4916741,1061.9446,-687.6115,4268.867,248.89548,992.21466,274.6406,6.803075,0.04511556,2.630989,0.8679496,0.024555206,673.25366,3.2884674,282.55817,279.26968,1.0204813,-20.48133,0.02048133,0.1127258,182.18481,1.0,-182.18481,1.0,0.5046698,235.33624,736.49493,291.7088,3.3516502,0.07219493,3.7927666,0.89123034,0.01512146,673.2883,-14.943584,269.00067,283.94424,0.003808612108230591,6791.846697807312,865000
1.0204248,-20.424852,0.020424854,0.10734696,175.33871,1.0,-175.33871,1.0,0.50588703,2566.3235,-1059.7496,6627.2705,244.21098,905.7195,278.12637,3.3693008,0.05137287,2.5400772,0.87807596,0.02254486,676.02734,-0.9280977,278.01236,278.94046,1.0204494,-20.449368,0.020449366,0.10968175,171.79736,1.0,-171.79736,1.0,0.5249114,237.76602,773.27124,287.97952,5.432312,0.07143604,3.1865692,0.87565404,0.011918545,676.0276,-14.491354,271.56738,286.05875,0.003806960964202881,6810.881507873535,870000
1.0204417,-20.441689,0.020441689,0.10895035,167.82191,1.0,-167.82191,1.0,0.4879834,895.1077,-657.23535,3416.699,243.31958,1047.3989,281.35745,5.3415165,0.042975776,2.0536518,0.86076796,0.008880615,672.78156,4.725769,276.95865,272.23288,1.0204282,-20.428202,0.020428203,0.10766605,172.84634,1.0,-172.84634,1.0,0.50788444,229.4623,749.7913,298.69623,14.143875,0.056984127,2.3415623,0.8671669,0.013847828,672.7819,-4.6987934,263.10138,267.80017,0.003807892847061157,6829.920977592468,875000
1.0204161,-20.416235,0.020416236,0.10652626,159.00082,0.99999994,-159.00082,1.0,0.51575965,998.27637,-680.00146,3872.1465,240.81958,1048.74,284.7784,6.804283,0.057884507,3.2141495,0.87796205,0.013822556,673.5995,-5.3109994,274.49954,279.81055,1.0204251,-20.42507,0.02042507,0.10736768,175.32202,1.0,-175.32202,1.0,0.5167738,239.54794,766.4111,288.00952,4.7937164,0.056962594,2.2066116,0.8993578,0.006565571,673.559,-4.689718,273.2259,277.91562,0.0038087999343872072,6848.964982748032,880000
1.0203153,-20.315321,0.020315323,0.096915476,173.68307,1.0,-173.68307,1.0,0.47800282,390.89606,-576.9279,2303.3909,245.073,1045.029,279.00525,3.159153,0.044536695,2.474689,0.8619631,0.029168129,673.22925,3.6780572,278.73447,275.0564,1.0204407,-20.440704,0.020440703,0.108856566,182.7475,0.99999994,-182.7475,1.0,0.5308134,242.8112,734.99054,282.07208,2.032753,0.07531819,2.8234568,0.91265786,0.020973206,673.22253,-17.044773,276.47232,293.5171,0.0038086313724517823,6868.008146047592,885000
1.0204601,-20.460094,0.020460095,0.11070346,178.523,1.0,-178.523,1.0,0.50710857,657.7734,-978.15125,3122.6763,249.0521,936.8579,273.56058,6.55733,0.047576685,2.105957,0.88274944,0.030029297,677.832,1.6426013,282.9437,281.3011,1.0204214,-20.421432,0.020421434,0.10702131,175.16362,1.0,-175.16362,1.0,0.5156666,237.22292,749.8657,287.90012,6.997635,0.050913323,2.2709923,0.8771633,0.027359009,677.77704,-0.6190287,271.1118,271.7308,0.003806422805786133,6887.0402665138245,890000
1.0203983,-20.398266,0.020398267,0.10481494,170.40242,1.0,-170.40242,1.0,0.4823547,1030.8698,-558.8634,3295.5479,241.22133,1063.8389,284.24744,3.2909608,0.048352413,2.4988556,0.8733797,0.013763428,674.3795,1.1110995,274.9403,273.8292,1.0204355,-20.435432,0.020435434,0.10835459,179.71078,1.0,-179.71078,1.0,0.5272149,237.60039,730.7893,288.16626,5.4023275,0.070927225,3.0227985,0.8934093,0.015635014,674.41876,-14.113712,271.32132,285.43503,0.0038079739093780517,6906.080141544342,895000
1.0203521,-20.352169,0.02035217,0.10042477,170.56721,1.0,-170.56721,1.0,0.5088849,829.8439,-600.0304,3593.2053,244.38803,1015.78784,279.99133,4.9787116,0.047773737,2.5107803,0.88569283,0.023269653,669.0871,1.4895641,277.84238,276.3528,1.020515,-20.515,0.020514999,0.1159324,176.5953,1.0,-176.5953,1.0,0.5301367,237.27008,727.8954,288.3183,4.80262,0.060127664,2.3595161,0.89672697,0.022694588,669.0903,-6.7763214,270.7246,277.50092,0.003807619380950928,6925.118244409561,900000
1.0204006,-20.400679,0.020400679,0.10504467,161.95966,1.0,-161.95966,1.0,0.49334234,815.1131,-1009.85675,3458.662,242.42776,1058.2966,282.86563,5.4706693,0.055373076,2.3028183,0.8677878,0.027038574,671.52484,-3.6081538,276.004,279.61215,1.020461,-20.461012,0.020461014,0.11079073,177.04854,1.0,-177.04854,1.0,0.5178514,239.50502,745.8172,286.34247,5.7985897,0.06243208,3.0197144,0.8968539,0.02305603,671.56903,-8.349,273.08347,281.43246,0.07620487837791443,7306.142641067505,905000
1.020414,-20.414001,0.020414002,0.1063137,168.24895,1.0,-168.24895,1.0,0.52140677,616.94,-1079.0367,2815.8088,247.30794,1061.8585,275.74255,2.9978995,0.042873144,2.0274186,0.8818995,0.024108887,681.5432,4.8572607,281.3851,276.52783,1.0204778,-20.477798,0.0204778,0.11238951,176.85382,1.0,-176.85382,1.0,0.5456905,236.00076,732.21594,291.18585,1.143261,0.06107668,3.386797,0.8866494,0.033938408,681.51013,-7.548868,270.07626,277.62512,0.003804744482040405,7325.166368484497,910000
1.0203841,-20.384087,0.020384088,0.103464514,170.73373,1.0,-170.73373,1.0,0.5041627,773.92444,-1050.6252,3595.6675,243.0191,812.37354,282.52,5.733334,0.04374796,2.500187,0.8569903,0.02448082,673.5086,4.210802,276.69455,272.48373,1.0204289,-20.428852,0.020428853,0.10772789,177.25981,1.0,-177.25981,1.0,0.5038478,237.94626,725.4264,288.30923,0.17346191,0.06006221,2.1913948,0.8900478,0.016691208,673.45654,-6.776461,271.61908,278.39554,0.003805523157119751,7344.193989276886,915000
1.0203822,-20.382143,0.020382144,0.10327948,171.5273,1.0,-171.5273,1.0,0.50174934,617.27185,-402.34396,1997.9386,236.42828,894.7354,289.35782,0.9186096,0.040466357,2.1632576,0.86870134,0.013961792,672.58044,6.4121423,270.0573,263.64517,1.0204525,-20.452553,0.020452555,0.10998516,180.27222,1.0,-180.27222,1.0,0.52189034,236.18864,702.38794,289.4751,6.466833,0.049874008,2.2586288,0.88337374,0.02330017,672.5574,0.08473755,269.81653,269.73178,0.0038074551582336427,7363.231271505356,920000
1.0204079,-20.407928,0.02040793,0.10573518,170.03111,1.0,-170.03111,1.0,0.52627325,654.2892,-1315.5264,5247.3696,239.57063,1070.1451,285.91745,5.890255,0.058988784,2.4751701,0.8958144,0.013370514,677.4494,-6.0894456,273.4431,279.53256,1.0204618,-20.461807,0.020461809,0.11086661,181.0149,0.99999994,-181.0149,1.0,0.5358676,237.65105,728.10376,287.75708,0.35464478,0.06807271,2.8109589,0.8933567,0.018096924,677.4756,-12.243817,271.52484,283.76865,0.0038073298454284667,7382.267925977707,925000
1.0203624,-20.362352,0.020362355,0.10139467,174.18742,1.0,-174.18742,1.0,0.5209377,647.2545,-532.3047,3249.0103,241.89014,1037.0259,285.3858,5.404026,0.0507259,2.3769531,0.87494785,0.023700714,672.3092,-0.4880285,275.50558,275.99362,1.0204839,-20.48388,0.020483881,0.11296874,183.16159,0.99999994,-183.16159,1.0,0.5184771,232.70287,754.27014,294.02448,5.7109833,0.06369306,2.6853943,0.9031056,0.046279907,672.3518,-9.206554,266.32047,275.527,0.0038077224731445313,7401.3065440654755,930000
1.0204203,-20.420267,0.020420268,0.10691027,169.7299,1.0,-169.7299,1.0,0.52301717,1087.09,-2230.273,6077.0767,245.29031,1050.3516,278.06708,1.6600263,0.051914297,2.3319244,0.88092965,0.023319244,682.8363,-1.307151,279.43213,280.7393,1.0205015,-20.501535,0.020501537,0.11465018,173.91533,1.0,-173.91533,1.0,0.49405438,244.2443,675.03973,279.04004,4.2657785,0.060054116,2.3775826,0.8753535,0.034744263,682.84766,-6.865429,278.3867,285.2521,0.0038071463108062743,7420.342281103134,935000
1.0204128,-20.412842,0.02041284,0.106202945,173.59337,1.0,-173.59337,1.0,0.48998457,496.54465,-874.3718,3778.1472,246.43394,1089.6803,278.6529,7.591358,0.048553124,2.2389908,0.8883105,0.016036987,674.31384,0.975649,280.14963,279.17398,1.020444,-20.444004,0.020444006,0.10917096,173.6,1.0,-173.6,1.0,0.53201413,231.82907,739.59705,294.43683,5.541959,0.07081951,3.4266748,0.9132555,0.028431892,674.2666,-14.037901,265.5424,279.5803,0.0038078644752502443,7439.381609916687,940000
1.020368,-20.36797,0.02036797,0.101929665,169.83186,1.0,-169.83186,1.0,0.5224744,902.09406,-960.5278,4147.7075,242.044,1068.1733,284.42624,4.377182,0.04902205,3.2761154,0.8770801,0.038267136,677.8349,0.66289,275.93576,275.27286,1.0204237,-20.423683,0.020423686,0.10723576,171.69034,1.0,-171.69034,1.0,0.5442821,238.42725,724.0284,286.6427,6.978321,0.053680062,3.5969706,0.86173105,0.016845703,677.8281,-2.4944491,272.31866,274.8131,0.0038064123153686525,7458.41367650032,945000
1.0203868,-20.386868,0.020386867,0.103729315,167.11801,1.0,-167.11801,1.0,0.5088743,1194.1002,-726.1665,4888.4077,242.57503,1079.8636,281.56433,1.7818604,0.05620636,2.5104065,0.88394785,0.023841858,673.3358,-4.178964,276.24182,280.42078,1.0204258,-20.425755,0.020425756,0.10743297,173.23407,1.0,-173.23407,1.0,0.5009937,231.90881,740.49896,293.8404,4.573841,0.055464342,2.3874512,0.8848573,0.015899658,673.37244,-3.679537,265.57742,269.25696,0.0038070569038391113,7477.448966026306,950000
1.020479,-20.478962,0.020478964,0.11250047,172.28534,1.0,-172.28534,1.0,0.5320353,412.85315,-804.45593,2751.401,240.371,808.0482,286.15298,2.8768682,0.044599816,2.3106995,0.87032413,0.026137829,670.4045,3.620308,273.8912,270.2709,1.0204281,-20.428078,0.020428078,0.10765407,175.20874,1.0,-175.20874,1.0,0.52324224,234.81958,748.2754,291.25702,3.4565392,0.07163427,2.7823744,0.91897863,0.015201569,670.40796,-14.503786,268.33997,282.84375,0.0038082563877105714,7496.490252971649,955000
1.0203991,-20.399109,0.020399109,0.10489509,155.91156,0.99999994,-155.91156,1.0,0.48902676,907.56854,-1474.7191,3621.5972,246.47874,909.5507,276.97125,4.63945,0.046689894,2.1283112,0.8449886,0.019019127,684.46234,2.2656434,280.70187,278.43622,1.0204421,-20.442106,0.020442106,0.10899025,173.72849,1.0,-173.72849,1.0,0.51373065,240.47604,733.2166,285.06256,7.3648453,0.049756877,2.6036549,0.8833713,0.027770996,684.4613,0.16640872,274.69913,274.5327,0.003807399034500122,7515.527252912521,960000
1.020398,-20.39798,0.02039798,0.10478756,174.15982,1.0,-174.15982,1.0,0.52221406,451.387,-907.65027,3675.8728,239.60086,1078.9609,287.31384,6.647106,0.05622938,2.668469,0.90645003,0.0395298,669.8679,-4.1728606,273.09427,277.26712,1.0204744,-20.474442,0.020474441,0.11206975,169.55034,0.99999994,-169.55034,1.0,0.5382635,230.94357,732.0956,297.71255,2.0663004,0.07989733,3.7536774,0.8994714,0.020339966,669.9008,-20.028244,264.4386,284.46686,0.0038076430320739744,7534.565474748611,965000
1.0204046,-20.404602,0.020404603,0.105418324,163.04114,1.0,-163.04114,1.0,0.48545238,906.5596,-325.1897,2813.1445,237.44221,1100.0237,290.27963,6.2697525,0.04423216,2.1110287,0.8766818,0.019443154,675.10144,3.8938777,271.1973,267.3034,1.0204451,-20.44513,0.02044513,0.10927811,180.21626,1.0,-180.21626,1.0,0.5456432,231.76385,749.9741,295.40417,6.2357936,0.07466565,4.273651,0.8947003,0.02388382,675.17035,-16.653515,265.5224,282.1759,0.003806684970855713,7553.598904848099,970000
1.020381,-20.380964,0.020380966,0.103167266,168.99832,1.0,-168.99832,1.0,0.54356956,599.2758,-1146.4381,3374.1904,242.87866,1077.7952,283.6748,5.089693,0.05580084,2.8899078,0.8858137,0.026748657,671.1807,-3.8934116,276.4377,280.33112,1.0204455,-20.445461,0.020445462,0.10930972,171.3378,1.0,-171.3378,1.0,0.52454233,227.8794,746.4099,300.71167,1.4832287,0.061724406,3.8281097,0.8729162,0.02443695,671.18774,-7.869277,261.43878,269.30804,0.003806290340423584,7572.630362033844,975000
1.0204161,-20.41619,0.020416189,0.10652193,169.23912,1.0,-169.23912,1.0,0.4968763,346.59192,-1147.2179,3295.1572,247.67975,1090.6993,276.98636,1.4350052,0.04685737,2.4469519,0.892462,0.03299713,670.0881,2.1058407,281.18414,279.0783,1.0204341,-20.434185,0.020434186,0.10823588,176.42902,1.0,-176.42902,1.0,0.5390225,233.88954,785.75256,291.23785,6.946869,0.074241675,3.2811337,0.9261196,0.0096588135,670.02985,-16.242645,267.39102,283.63367,0.0038074259281158447,7591.667496681213,980000
1.020479,-20.478909,0.020478912,0.11249521,175.92888,1.0,-175.92888,1.0,0.50987434,669.73785,-329.31305,2420.9785,242.93896,1033.7717,283.4574,6.967346,0.05453845,2.522686,0.88183933,0.035736084,671.8785,-3.049287,276.5329,279.58218,1.0204663,-20.466394,0.020466395,0.11130331,183.31004,0.99999994,-183.31004,1.0,0.5057328,230.79367,763.6597,296.6928,1.2897873,0.057211816,2.8357086,0.88363004,0.021858215,671.8579,-4.8453155,264.38657,269.23187,0.003806597805023193,7610.700492143631,985000
1.0204202,-20.42019,0.020420192,0.10690316,179.97025,1.0,-179.97025,1.0,0.5071603,896.82623,-954.47516,3726.5388,240.17505,1086.7756,285.15906,1.6060599,0.04690472,2.2929688,0.87578243,0.05492401,671.0323,2.077033,273.72665,271.64963,1.0204211,-20.421108,0.02042111,0.10699048,180.57333,1.0,-180.57333,1.0,0.5257553,234.21704,723.46594,290.92435,2.9167366,0.06962419,2.7383947,0.9016235,0.016272068,671.0178,-13.168182,267.76794,280.93613,0.0038051711559295653,7629.726353168488,990000
1.0204072,-20.407309,0.020407308,0.10567617,164.84105,0.99999994,-164.84105,1.0,0.5009926,1193.3121,-673.16406,3474.6543,238.1856,907.3889,288.76306,1.4683468,0.043114953,2.449852,0.8553595,0.021419525,670.97754,4.6197124,271.73447,267.11475,1.0204526,-20.452621,0.02045262,0.10999157,181.27475,1.0,-181.27475,1.0,0.53885806,238.39944,783.70337,287.3555,2.848114,0.05989913,2.761551,0.90327996,0.048467636,670.8851,-6.641177,271.9437,278.58487,0.003806744956970215,7648.760084152222,995000
1.0204229,-20.422989,0.02042299,0.10716958,107.013824,1.0,-107.013824,1.0,0.52640164,501.66254,-301.17126,2024.5303,342.26794,911.57025,163.6925,3.3927689,0.027800102,2.5993042,0.68412864,0.041287422,703.57184,15.619224,377.44653,361.8273,1.0205016,-20.501621,0.020501623,0.11465839,101.519966,1.0,-101.519966,1.0,0.5440616,337.32523,433.11066,168.00055,4.0503216,0.042802088,4.0487957,0.7140949,0.023147583,703.58826,5.064367,372.50464,367.44028,0.003807266664505005,7667.796422958374,1000000
